ld_position,player,ld_2019,ld_2020,ld_2021,ld_2022,ld_2023,ld_2024,ld_rfa,ld_gleague,ld_intl,ld_team,trade_comp,ld_team_start2019
1/1,Jevon Carter,1416852,,,,,,2020,0,0,ATL,ATL,ATL
2/2,Grayson Allen,2429400,2545320,4054695,,,,2022,0,0,ATL,ATL,ATL
2/3,Kyle Korver,1378125,1447031,1519383,,,,,0,0,ATL,ATL,ATL
2/3,Brandon Ingram,7265485,,,,,,2020,0,0,ATL,ATL,ATL
3/3,Mindaugas Kuzminskas,2315250,2431013,,,,,,0,1,ATL,ATL,ATL
3/4,Jared Dudley,826875,868219,911630,,,,,0,0,ATL,ATL,ATL
3/4,Juan Hernangomez,3321030,,,,,,2020,0,0,ATL,ATL,ATL
4/4,Bobby Portis,14550000,15641250,16814344,,,,,0,0,ATL,ATL,ATL
4/4,Cam Oliver,,,,,,,,1,0,ATL,ATL,ATL
4/5,Daniel Theis,826875,,,,,,,0,0,ATL,ATL,ATL
4/5,Alan Williams,5520000,,,,,,,0,0,ATL,ATL,ATL
5/5,Robert Williams,1937520,2029920,3661976,,,,2022,0,0,ATL,ATL,ATL
5/5,Chimezie Metu,1416852,1663861,,,,,2021,1,0,ATL,ATL,ATL
1/1,Ricky Rubio,"18,500,000","19,425,000","20,396,250","21,416,063",,,,0,0,BKN,BKN,BKN
1/1,Emmanuel Mudiay,"3,000,000",,,,,,,0,0,BKN,BKN,BKN
1/1,John Wall,20600000,22145000,23805875,,,,,0,0,BKN,BKN,BKN
2/3,Wesley Matthews,1050000,1102500,,,,,,0,0,BKN,BKN,BKN
2/3,Terrance Ferguson,2475840,3944013,,,,,2021,0,0,BKN,BKN,BKN
2/3,Jeremy Lamb,10500000,10500000,10500000,,,,,0,0,BKN,BKN,BKN
3/3,Arnoldas Kulboka,,,,,,,,0,1,BKN,BKN,BKN
3/4,Kevin Durant,23000000,24725000,26579375,,,,,0,0,BKN,BKN,BKN
4/5,Richaun Holmes,"2,000,000",,,,,,,0,0,BKN,BKN,BKN
5/5,Tyson Chandler,"1,000,000",,,,,,,0,0,BKN,BKN,BKN
5/5,Brook Lopez,"12,093,024","12,697,675","13,302,325","13,906,976",,,,0,0,BKN,BKN,BKN
1/1,Rajon Rondo,7350000,,,,,,,0,0,BOS,BOS,BOS
1/2,Marcus Smart,13125000,13781250,,,,,,0,0,BOS,BOS,BOS
2/2,Caris LeVert,2625718,,,,,,2020,0,0,BOS,BOS,BOS
2/3,Andrew Wiggins,14405000,15485375,,,,,,0,0,BOS,BOS,BOS
3/4,Kyle Kuzma,1974600,3562178,,,,,2021,0,0,BOS,BOS,BOS
3/4,OG Anunoby,2281800,3872215,,,,,2021,0,0,BOS,BOS,BOS
4/4,Marvin Williams,2756250,2894063,3038766,,,,,0,0,BOS,BOS,BOS
4/4,Serge Ibaka,17218813,,,,,,,0,0,BOS,BOS,BOS
4/4,Nemanja Bjelica,2480625,2604656,2734889,,,,,0,0,BOS,BOS,BOS
5/5,Jakob Poeltl,3754886,,,,,,2020,0,0,BOS,BOS,BOS
5/5,Marc Gasol,"21,500,000","22,575,000","23,703,750",,,,,0,0,BOS,BOS,BOS
1/1,Michael Carter-Williams,1000000,,,,,,,0,0,CHA,CHA,CHA
1/2,Seth Curry,"4,250,000","4,462,500","4,685,625","4,919,906",,,,0,0,CHA,CHA,CHA
2/3,Justin Holiday,2480625,2604656,2734889,,,,,0,0,CHA,CHA,CHA
2/3,Dion Waiters,9922500,10418625,10939556,,,,,0,0,CHA,CHA,CHA
3/3,Kenrich Williams,787500,826875,868219,,,,,0,0,CHA,CHA,CHA
3/3,Dzanan Musa,1911600,2002800,3615054,,,,2022,1,0,CHA,CHA,CHA
4/5,Paul Millsap,18375000,19293750,,,,,,0,0,CHA,CHA,CHA
4/5,Jordan Bell,10000000,10500000,11025000,,,,,0,0,CHA,CHA,CHA
5/5,Willie Cauley-Stein,15000000,15750000,16537500,,,,,0,0,CHA,CHA,CHA
1/1,Jalen Brunson,1416852,1663861,1802057,,,,2022,0,0,CHI,CHI,CHI
1/1,Dante Exum,"1,000,000","1,050,000","1,102,500","1,157,625",,,,0,0,CHI,CHI,CHI
1/1,DaQuan Jeffries,"898,310",,,,,,,0,0,CHI,CHI,CHI
2/2,Buddy Hield,4861208,,,,,,2020,1,0,CHI,CHI,CHI
2/3,Troy Brown Jr.,3219480,3372840,5170564,,,,2022,0,0,CHI,CHI,CHI
3/3,Micheal Kidd-Gilchrist,"1,000,000","1,050,000","1,102,500","1,157,625",,,,0,0,CHI,CHI,CHI
3/3,Derrick Jones Jr. ,525000,551250,578813,,,,,0,0,CHI,CHI,CHI
3/3,Semi Ojeleye,1618520,1752950,,,,,,1,0,CHI,CHI,CHI
3/4,Jerami Grant,2756250,2894063,3038766,,,,,0,0,CHI,CHI,CHI
4/1,Justise Winslow,18250000,19162500,20120625,,,,,0,0,CHI,CHI,CHI
4/4,Zion Williamson,"9,757,440","10,245,480","10,733,400","13,534,817",,,2023,1,0,CHI,CHI,CHI
4/5,DeMarcus Cousins,29347500,31548563,,,,,,0,0,CHI,CHI,CHI
5/5,Ante Zizic,2281800,3872215,,,,,2021,0,0,CHI,CHI,CHI
5/5,Jusuf Nurkic,18900000,19845000,,,,,,0,0,CHI,CHI,CHI
1/1,Reggie Jackson,"8,500,000","8,925,000","9,371,250","9,839,813",,,,0,0,CLE,CLE,CLE
1/1,Landry Shamet,1995120,2090040,3768342,,,,2022,0,0,CLE,CLE,CLE
1/1,Trey Burke,3307500,3472875,3646519,,,,,0,0,CLE,CLE,CLE
1/1,DJ Augustin,5775000,,,,,,,0,0,CLE,CLE,CLE
1/1,Damian Lillard,22650000,24348750,26174906,,,,,0,0,CLE,CLE,CLE
2/2,Hamidou Diallo,1416852,1663861,,,,,2021,0,0,CLE,CLE,CLE
2/3,Marco Belinelli,551250,,,,,,,0,0,CLE,CLE,CLE
2/3,Sterling Brown,1618520,,,,,,2020,0,0,CLE,CLE,CLE
3/3,Trevor Ariza,"7,250,000",,,,,,,0,0,CLE,CLE,CLE
3/3,Rudy Gay,"11,250,000",,,,,,,0,0,CLE,CLE,CLE
4/5,Jaren Jackson Jr.,6927480,7257360,9180560,,,,2022,0,0,CLE,CLE,CLE
4/5,Taj Gibson,"3,250,000",,,,,,,0,0,CLE,CLE,CLE
1/1,Fred VanVleet,551250,,,,,,,0,0,DAL,DAL,DAL
1/2,Tomas Satoransky,6825000,,,,,,,0,0,DAL,DAL,NYK
2/2,Malik Monk,4028400,5345687,,,,,2021,0,0,DAL,DAL,DAL
2/3,Kent Bazemore,9450000,,,,,,,0,0,DAL,DAL,DAL
3/3,Vincent Edwards,,,,,,,,1,0,DAL,DAL,DAL
3/4,Jeff Green,1050000,,,,,,,0,0,DAL,DAL,DAL
3/4,Giannis Antetokounmpo,25842697,27528090,,,,,,0,0,DAL,DAL,DAL
4/4,Naz Reid,"898,310","1,517,981","1,782,621","1,930,681",,,,1,0,DAL,DAL,DAL
4/5,Derrick Favors,"21,750,000","22,837,500","23,979,375","25,178,344",,,,0,0,DAL,DAL,DAL
4/5,Draymond Green,,,,,,,,0,0,DAL,DAL,DAL
4/5,Mason Plumlee,5236875,,,,,,,0,0,DAL,DAL,DAL
4/5,Dwight Howard,6825000,7166250,,,,,,0,0,DAL,DAL,DAL
4/5,Alex Len,12127500,,,,,,,0,0,DAL,DAL,DEN
5/5,Tryggvi Hlinason,,,,,,,,0,1,DAL,DAL,DAL
5/5,Dwight Powell,551250,,,,,,,0,0,DAL,DAL,DAL
1/1,Isiah Briscoe,1050000,1102500,,,,,,0,0,DEN,DEN,DEN
1/1,Dennis Schroder,15500000,15500000,,,,,,0,0,DEN,DEN,DEN
1/1,Devon Hall,,,,,,,,0,1,DEN,DEN,DEN
1/2,Jamal Murray,4444746,,,,,,2020,0,0,DEN,DEN,DEN
2/2,Shake Milton,2000000,2100000,2205000,,,,,0,0,DEN,DEN,DEN
2/2,Malik Beasley,2731714,,,,,,2020,0,0,DEN,DEN,DEN
2/3,Denzel Valentine,3377569,,,,,,2020,0,0,DEN,DEN,DEN
3/2,Wesley Iwundu,1618520,,,,,,2020,0,0,DEN,DEN,DEN
4/4,Tyler Lydon,2190720,3831569,,,,,2021,0,0,DEN,DEN,DEN
4/4,Marvin Bagley III,8567040,8975040,11326500,,,,2022,1,0,DEN,DEN,DEN
5/5,Tony Bradley,1962360,3542060,,,,,2021,0,0,DEN,DEN,DEN
1/1,Shabazz Napier,"3,000,000","3,150,000",,,,,,0,0,DET,DET,DET
1/1,Aaron Holiday,2239200,2345640,3980551,,,,2022,0,0,DET,DET,DET
1/1,Russell Westbrook,36286625,,,,,,,0,0,DET,DET,DET
2/2,Anfernee Simons,2149560,2252040,3938818,,,,2022,0,0,DET,DET,DET
2/2,Kevin Huerter,2636280,2761920,4253357,,,,2022,0,0,DET,DET,DET
2/3,Jimmy Butler,18450000,19833750,21321281,,,,,0,0,DET,DET,DET
2/3,Evan Fournier,"11,000,000","11,550,000","12,127,500","12,733,875",,,,0,0,DET,DET,DET
3/4,Carmelo Anthony,525000,,,,,,,0,0,DET,DET,DET
4/5,Thomas Bryant,1575000,1653750,1736438,,,,,0,0,DET,DET,DET
4/5,Cody Zeller,8400000,,,,,,,0,0,DET,DET,DET
4/5,Kevin Love,17850000,19188750,20627906,,,,,0,0,DET,DET,DET
1/1,Quinn Cook,2205000,2315250,,,,,,0,0,GSW,GSW,GSW
1/1,Trevon Bluiett,,,,,,,,1,0,GSW,GSW,GSW
1/2,Stephen Curry,25423750,27330531,,,,,,0,0,GSW,GSW,GSW
2/2,Jerome Robinson,3567720,3737520,5340916,,,,2022,0,0,GSW,GSW,GSW
2/2,Tyler Dorsey,,,,,,,,0,0,GSW,GSW,GSW
2/2,Bradley Beal,,,,,,,,0,0,GSW,GSW,GSW
2/3,Kyle Anderson,2205000,2315250,2431013,,,,,0,0,GSW,GSW,GSW
2/3,Yuta Watanabe,,,,,,,,1,0,GSW,GSW,GSW
2/4,Jake Layman,"2,750,000","2,887,500","3,031,875","3,183,469",,,,0,0,GSW,GSW,GSW
3/3,Justin Anderson,525000,551250,578813,,,,,0,0,GSW,GSW,GSW
3/3,DeAndre' Bembry,2603982,,,,,,2020,0,0,GSW,GSW,GSW
4/5,Luke Kornet,1050000,,,,,,,0,0,GSW,GSW,GSW
4/5,Moritz Wagner,2063520,2161920,3983618,,,,2022,0,0,GSW,GSW,GSW
4/5,Kristaps Porzingis,18500000,19887500,21379063,,,,,0,0,GSW,GSW,GSW
1/1,Lonzo Ball,8719320,11003782,,,,,2021,0,0,HOU,HOU,HOU
1/1,Eric Bledsoe,"20,000,000","21,000,000","22,050,000","23,152,500",,,,0,0,HOU,HOU,HOU
2/2,Gary Trent,1416852,1663861,,,,,2021,0,0,HOU,HOU,HOU
2/2,Khyri Thomas,1416852,1663861,,,,,2021,0,0,HOU,HOU,HOU
2/2,Donte DiVincenzo,2905800,3044160,4675830,,,,2022,0,0,HOU,HOU,HOU
3/3,Cody Martin,"1,173,310","1,517,981","1,782,621",,,,,0,0,HOU,HOU,HOU
3/3,KZ Okpala,"898,310","1,517,981","1,782,621",,,,,1,0,HOU,HOU,HOU
3/3,Admiral Schofield,"1,000,000","1,517,981","1,782,621",,,,,1,0,HOU,HOU,HOU
3/3,Jarred Vanderbilt,1416852,1663861,,,,,2021,0,0,HOU,HOU,HOU
3/4,Kevin Knox,4380120,4588680,5845978,,,,2022,0,0,HOU,HOU,HOU
4/4,Omari Spellman,1897800,1988280,3588845,,,,2022,0,0,HOU,HOU,HOU
4/4,Luka Samanic,"2,689,920","2,824,320","2,959,080","4,556,983",,,,0,0,HOU,HOU,HOU
5/5,Willy Hernangomez,1532250,,,,,,,0,0,HOU,HOU,HOU
1/1,Tyus Jones,7500000,7875000,8268750,,,,,0,0,IND,IND,IND
1/2,Shai Gilgeous-Alexander,3952920,4141320,5495532,,,,2022,0,0,IND,IND,IND
1/2,Zach LaVine,14136250,15196469,,,,,,0,0,IND,IND,IND
2/2,Marko Guduric,1000000,1050000,1102500,1157625,,,,0,0,IND,IND,IND
2/3,Norman Powell,525000,551250,578813,,,,,0,0,IND,IND,IND
2/3,Tim Hardaway Jr.,14883750,,,,,,,0,0,IND,IND,IND
3/4,Jonathan Isaac,5806440,7362556,,,,,2021,0,0,IND,IND,IND
4/4,Maxi Kleber,525000,551250,578813,,,,,0,0,IND,IND,IND
4/4,Jonah Bolden,1698450,1766550,1845000,,,,,1,0,IND,IND,IND
4/4,JaMychal Green,13891500,14586075,,,,,,0,0,IND,IND,OKC
4/5,Myles Turner,17500000,17500000,17500000,17500000,,,,0,0,IND,IND,IND
4/5,LaMarcus Aldridge,21285000,22881375,,,,,,0,0,IND,IND,IND
4/5,Chris Boucher,2100000,2205000,2315250,,,,,0,0,IND,IND,IND
1/1,Patty Mills,4961250,5209313,5469778,,,,,0,0,LAC,LAC,LAC
1/1,Mike Conley,"22,000,000","23,100,000","24,255,000","25,467,750",,,,0,0,LAC,LAC,LAC
1/2,Alec Burks,"7,000,000",,,,,,,0,0,LAC,LAC,LAC
1/3,Luka Doncic,7683360,8049360,10174391,,,,2022,0,0,LAC,LAC,LAC
2/2,R.J. Barrett,"7,839,960","8,231,760","8,623,920","10,900,635",,,,0,0,LAC,LAC,LAC
2/2,Nickeil Alexander-Walker,"2,964,840","3,113,160","3,261,480","5,009,633",,,,1,0,LAC,LAC,LAC
3/3,Royce O'Neale,551250,578813,607753,,,,,0,0,LAC,LAC,LAC
3/4,Jayson Tatum,7830000,9897120,,,,,2021,0,0,LAC,LAC,LAC
3/4,Aaron Gordon,18328750,19703406,,,,,,0,0,LAC,LAC,LAC
4/4,Nicola Melli,"3,000,000","3,150,000","3,307,500","3,472,875",,,,0,0,LAC,LAC,LAC
4/4,Noah Vonleh,"4,500,000","4,725,000","4,961,250","5,209,313",,,,0,0,LAC,LAC,LAC
5/5,Deandre Ayton,9562920,10018200,12632950,,,,2022,0,0,LAC,LAC,LAC
5/5,Nikola Mulitnov,,,,,,,,0,1,LAC,LAC,LAC
1/1,Chris Paul,27562500,28940625,30387656,,,,,0,0,LAL,LAL,LAL
1/1,Dejounte Murray,2321735,,,,,,2020,0,0,LAL,LAL,LAL
1/2,Derrick White,1948080,3516284,,,,,2021,0,0,LAL,LAL,LAL
2/2,Zhaire Smith,3058800,3204600,4915856,,,,2022,0,0,LAL,LAL,LAL
2/3,Tony Snell,"1,000,000","1,050,000","1,102,500","1,157,625",,,,0,0,LAL,LAL,LAL
2/3,Andre Iguodala,2480625,2604656,2734889,,,,,0,0,LAL,LAL,LAL
3/3,Rodions Kurucs,1699236,1780152,1861068,,,,,1,0,LAL,LAL,LAL
3/4,LeBron James,"26,400,000","28,380,000","30,508,500",,,,,0,0,LAL,LAL,LAL
3/4,PJ Tucker,4410000,4630500,,,,,,0,0,LAL,LAL,LAL
4/5,Dario Saric,15963750,17161031,,,,,,0,0,LAL,LAL,LAL
5/4,Khem Birch,525000,551250,,,,,,0,0,LAL,LAL,LAL
5/5,Dewayne Dedmon,13230000,,,,,,,0,0,LAL,LAL,LAL
5/5,Cady Lalanne,,,,,,,,0,1,LAL,LAL,LAL
1/2,Tyreke Evans,16275000,17088750,17943188,,,,,0,0,MEM,MEM,MEM
1/2,Delon Wright,12500000,13125000,13781250,,,,,0,0,MEM,MEM,MEM
2/3,Garrett Temple,"525,000",,,,,,,0,0,MEM,MEM,MEM
2/3,MarShon Brooks,1575000,1653750,1736438,,,,,0,0,MEM,MEM,MEM
2/3,Mario Hezonja,1737145,1923136,,,,,,0,0,MEM,MEM,MEM
2/3,Nicolas Batum,"9,000,000",,,,,,,0,0,MEM,MEM,MEM
3/3,Keita Bates-Diop,1416852,1663861,,,,,2021,0,0,MEM,MEM,MEM
4/5,Brandon Clarke,"2,478,840","2,602,920","2,726,880","4,343,920",,,,0,0,MEM,MEM,MEM
4/5,Davis Bertans,"3,150,000","3,307,500",3472875,,,,,0,0,MEM,MEM,MEM
4/5,Markieff Morris,"6,000,000","6,300,000",,,,,,0,0,MEM,MEM,MEM
4/5,Ed Davis,"6,750,000","7,087,500",,,,,,0,0,MEM,MEM,MEM
1/1,Bryn Forbes,1050000,1102500,,,,,,0,0,MIA,MIA,MIA
1/2,George Hill,525000,551250,578813,,,,,0,0,MIA,MIA,MIA
1/2,Goran Dragic,18900000,19845000,,,,,,0,0,MIA,MIA,MIA
2/1,Donovan Mitchell,3635760,5195501,,,,,2021,0,0,MIA,MIA,MIA
2/2,Eric Gordon,"10,000,000","10,500,000","11,025,000",,,,,0,0,MIA,MIA,MIA
2/3,Kentavious Caldwell-Pope,3150000,3307500,3472875,,,,,0,0,MIA,MIA,MIA
3/4,Robert Covington,11301219,12138345,12975471,,,,,0,0,MIA,MIA,MIA
3/4,Tobias Harris,18050000,19403750,20859031,,,,,0,0,MIA,MIA,MIA
4/4,Lauri Markkanen,5300400,6731508,,,,,2021,0,0,MIA,MIA,MIA
4/5,John Collins,2686560,4137302,,,,,2021,0,0,MIA,MIA,MIA
5/5,DeAndre Jordan,9881598,10375678,9881598,9821842,,,,0,0,MIA,MIA,MIA
5/5,Steven Adams,14332500,,,,,,,0,0,MIA,MIA,MIA
1/1,JJ Barea,"1,000,000","1,050,000",,,,,,0,0,MIL,MIL,MIL
1/1,T.J. McConnell,578813,607753,,,,,,0,0,MIL,MIL,MIL
1/1,Frank Mason,1618520,,,,,,2020,0,0,MIL,MIL,MIL
1/1,Derrick Rose,1837500,1929375,,,,,,0,0,MIL,MIL,MIL
1/1,Kemba Walker,,,,,,,,0,0,MIL,MIL,MIL
2/3,Danny Green,2480625,2604656,2734889,,,,,0,0,MIL,MIL,MIL
3/3,Josh Jackson,7059480,8930242,,,,,2021,0,0,MIL,MIL,MIL
4/4,Harry Giles,2578800,3976510,,,,,2021,1,0,MIL,MIL,MIL
4/4,Julius Randle,23100000,24255000,,,,,,0,0,MIL,MIL,MIL
4/5,Anthony Davis,25858525,,,,,,,0,0,MIL,MIL,MIL
4/5,Kelly Olynyk,6615000,,,,,,,0,0,MIL,MIL,MIL
5/5,John Henson,1157625,,,,,,,0,0,MIL,MIL,MIL
5/5,Justin Patton,3117240,4781846,,,,,2021,1,0,MIL,MIL,MIL
1/1,Frank Jackson,1618520,,,,,,2020,0,0,MIN,MIN,LAC
1/1,Darius Garland,"6,400,920","6,720,720","7,040,880","8,920,795",,,2023,1,0,MIN,MIN,MIN
1/1,Elfrid Payton,"14,700,000","15,435,000",,,,,,0,0,MIN,MIN,MIN
1/1,Cory Joseph,"3,250,000","3,412,500","3,583,125","3,762,281",,,,0,0,MIN,MIN,MIN
1/2,Markelle Fultz,9745200,12288697,,,,,2021,0,0,MIN,MIN,MIN
3/2,Gordon Hayward,19081250,20512344,,,,,,0,0,MIN,MIN,MIN
4/4,Chuma Okeke,"3,121,080","3,277,080","3,433,320","5,266,712",,,2023,0,0,MIN,MIN,MIN
4/5,Nikola Jokic,"25,400,000","27,305,000","29,352,875",,,,,0,0,MIN,MIN,MIN
5/5,Jahlil Okafor,5250000,5512500,,,,,,0,0,MIN,MIN,MIN
5/5,Goga Bitadze,"2,816,760","2,957,520","3,098,400","4,765,339",,,2023,1,0,MIN,MIN,MIN
5/5,Nicolas Claxton,"898,310","1,517,981","1,782,621",,,,2022,0,0,MIN,MIN,MIN
5/5,Jaxson Hayes,"4,862,040","5,105,160","5,348,280","6,803,012",,,2023,0,0,MIN,MIN,MIN
1/1,De'Aaron Fox,6392760,8099627,,,,,2021,0,0,NOP,NOP,NOP
1/2,James Harden,29455000,31664125,,,,,,0,0,NOP,NOP,NOP
2/2,Dwayne Bacon,1618520,,,,,,2020,0,0,NOP,NOP,NOP
2/2,Danuel House,"5,250,000","5,512,500","5,788,125","6,077,531",,,,0,0,NOP,NOP,NOP
2/3,James Ennis,"1,000,000","1,050,000","1,102,500",,,,,0,0,NOP,NOP,NOP
2/3,Terrence Ross,525000,551250,,,,,,0,0,NOP,NOP,NOP
2/3,Mikal Bridges,4161000,4359000,5557725,,,,2022,1,0,NOP,NOP,NOP
3/3,Maurice Harkless,1102500,1157625,1215506,,,,,0,0,NOP,NOP,NOP
4/5,Kevon Looney,4630500,4862025,,,,,,0,0,NOP,NOP,NOP
4/5,Andre Drummond,27093019,28751775,,,,,,0,0,NOP,NOP,NOP
5/5,Mitchell Robinson,1559712,1663861,1802057,,,,,0,0,NOP,NOP,NOP
5/5,Karl-Anthony Towns,27285000,29467800,31650600,33833400,36016200,,,0,0,NOP,NOP,NOP
1/1,Monte Morris,1588231,1723707,,,,,,0,0,NYK,NYK,NYK
2/2,Kadeem Allen,1312500,,,,,,,0,0,NYK,NYK,NYK
2/3,Pat Connaughton,1050000,1102500,1157625,,,,,0,0,NYK,NYK,NYK
2/3,Gerald Green,2564753,,,,,,,0,0,NYK,NYK,NYK
3/3,Josh Richardson,18250000,19162500,20120625,,,,,0,0,NYK,NYK,NYK
3/3,Bojan Bogdanovic,8784600,,,,,,,0,0,NYK,NYK,NYK
4/4,TJ Leaf,2813280,4326825,,,,,2021,0,0,NYK,NYK,NYK
4/5,Al Horford,"19,250,000","20,212,500","21,223,125",,,,,0,0,NYK,NYK,NYK
4/5,Joel Embiid,23703750,25481531,,,,,,0,0,NYK,NYK,NYK
4/5,Gorgui Dieng,3675000,3858750,,,,,,0,0,NYK,NYK,NYK
5/5,Daniel Gafford,"898,310","1,517,981","1,782,621","1,930,681",,,,1,0,NYK,NYK,NYK
5/5,Boban Marjanovic,1312500,,,,,,,0,0,NYK,NYK,NYK
1/1,Jeff Teague,"15,500,000","16,275,000","17,088,750",,,,,0,0,OKC,OKC,MIN
1/1,Mike James,551250,,,,,,,0,1,OKC,OKC,OKC
1/1,Cameron Payne,551250,578813,,,,,,0,0,OKC,OKC,OKC
1/2,Spencer Dinwiddie,13125000,13781250,14470313,,,,,0,0,OKC,OKC,OKC
2/2,Avery Bradley,7875000,8268750,8682188,,,,,0,0,OKC,OKC,OKC
3/3,Melvin Frazier,1416852,1663861,,,,,2021,1,0,OKC,OKC,OKC
3/3,Taurean Prince,3481986,,,,,,2020,0,0,OKC,OKC,OKC
3/3,T.J. Warren,15750000,16537500,,,,,,0,0,OKC,OKC,OKC
3/3,Otto Porter Jr.,18742500,,,,,,,0,0,OKC,OKC,OKC
3/3,Stanley Johnson,4500000,4725000,,,,,,0,0,OKC,OKC,OKC
3/4,Jae Crowder,5250000,5512500,5788125,,,,,0,0,OKC,OKC,OKC
4/4,Isaiah Hartenstein,1416852,1663861,,,,,2021,0,0,OKC,OKC,MIN
4/4,Al-Farouq Aminu,7350000,7717500,8103375,,,,,0,0,OKC,OKC,OKC
5/5,Tristan Thompson,12403125,13023281,13674445,,,,,0,0,OKC,OKC,OKC
1/1,Alex Caruso,"1,750,000","1,837,500","1,929,375","2,025,844",,,,0,0,ORL,ORL,ORL
1/2,Tyler Johnson,3150000,3307500,3472875,,,,,0,0,ORL,ORL,ORL
1/2,D'Angelo Russell,19400000,20855000,22419125,,,,,0,0,ORL,ORL,ORL
2/3,Klay Thompson,"21,000,000","22,050,000","23,152,500","24,310,125",,,,0,0,ORL,ORL,ORL
2/3,Josh Hart,1934160,3491159,,,,,2021,0,0,ORL,ORL,ORL
2/3,Will Barton,17062500,17915625,18811406,,,,,0,0,ORL,ORL,ORL
3/3,Dorian Finney-Smith,"4,000,000","4,200,000","4,410,000","4,630,500",,,,0,0,ORL,ORL,ORL
3/3,Miles Bridges,3755400,3934320,5421493,,,,2022,0,0,ORL,ORL,ORL
4/4,Gary Clark,525000,551250,578813,,,,,0,0,ORL,ORL,ORL
4/5,Christian Wood,787500,826875,868219,,,,,0,0,ORL,ORL,ORL
4/5,Jarrett Allen,2376840,3909902,,,,,2021,0,0,ORL,ORL,ORL
4/5,Blake Griffin,21553750,23170281,,,,,,0,0,ORL,ORL,ORL
5/5,Mohamed Bamba,5697600,5969040,7568743,,,,2022,1,0,ORL,ORL,ORL
1/2,Malcolm Brogdon,1326120,,,,,,,0,0,PHI,PHI,PHI
1/2,Jordan Clarkson,7350000,7717500,,,,,,0,0,PHI,PHI,PHI
2/2,Reggie Bullock,"1,000,000","1,050,000",,,,,,0,0,PHI,PHI,PHI
2/2,Langston Galloway,"1,000,000","1,050,000",,,,,,0,0,PHI,PHI,PHI
3/3,Khris Middleton,18973750,20396781,,,,,,0,0,PHI,PHI,PHI
4/4,Thaddeus Young,10749375,11286844,,,,,,0,0,PHI,PHI,PHI
4/4,Jabari Parker,12631250,13578594,,,,,,0,0,PHI,PHI,PHI
4/5,Montrezl Harrell,7875000,8268750,8682188,,,,,0,0,PHI,PHI,PHI
4/5,Mike Muscala,"1,000,000","1,050,000",,,,,,0,0,PHI,PHI,PHI
5/5,Enes Kanter,13312688,13978322,,,,,,0,0,PHI,PHI,PHI
5/5,Nikola Vucevic,"23,750,000","25,531,250","27,446,094",,,,,0,0,PHI,PHI,PHI
1/1,Ish Smith,2625000,2756250,,,,,,0,0,PHX,PHX,PHX
1/1,Trae Young,6273000,6571800,8326471,,,,2022,0,0,PHX,PHX,PHX
1/1,Kyle Lowry,20908750,22476907,,,,,,0,0,PHX,PHX,PHX
1/2,Devin Booker,20550000,22091250,23748093,,,,,0,0,PHX,PHX,PHX
1/3,Ben Simmons,8113930,,,,,,2020,0,0,PHX,PHX,PHX
2/2,Gary Harris,"10,860,000","11,674,500","12,550,088",,,,,0,0,PHX,PHX,PHX
3/4,Paul George,24950000,26821250,28832843,,,,,0,0,PHX,PHX,PHX
4/5,Kyle O'Quinn,578813,,,,,,,0,0,PHX,PHX,PHX
4/5,Zach Collins,4240200,5406255,,,,,2021,0,0,PHX,PHX,PHX
5/5,JaVale McGee,1653750,1736438,1823259,,,,,0,0,PHX,PHX,PHX
5/5,Robin Lopez,525000,,,,,,,0,0,PHX,PHX,PHX
5/5,Arturas Gudaitis,,,,,,,,0,1,PHX,PHX,PHX
1/2,Dennis Smith Jr.,4463640,5686677,,,,,2021,0,0,POR,POR,POR
1/2,Patrick Beverley,6615000,6945750,7293038,,,,,0,0,POR,POR,POR
2/2,Miye Oni,"898,310","1,517,981","1,782,621",,,,2022,1,0,POR,POR,POR
2/3,Kawhi Leonard,22897500,24614813,,,,,,0,0,POR,POR,POR
3/3,Kelly Oubre Jr.,13130000,14114750,15173356,,,,,0,0,POR,POR,POR
3/4,Bruno Caboclo,1050000,1102500,1157625,,,,,0,0,POR,POR,POR
3/4,James Johnson,"5,250,000",,,,,,,0,0,POR,POR,POR
3/4,Marcus Morris,"8,250,000","8,662,500",,,,,,0,0,POR,POR,POR
4/4,Pascal Siakam,2351839,,,,,,2020,0,0,POR,POR,POR
4/4,Wendell Carter Jr.,5201400,5448840,6920027,,,,2022,0,0,POR,POR,POR
4/5,Bam Adebayo,3454080,5115492,,,,,2021,0,0,POR,POR,POR
5/5,Hassan Whiteside,27093019,,,,,,,0,0,POR,POR,POR
1/1,Elie Okobo,1416852,1663861,1802057,,,,,0,0,SAC,SAC,SAC
1/1,Coby White,"5,307,120","5,572,680","5,837,760","7,413,955",,,,1,0,SAC,SAC,SAC
1/2,De'Anthony Melton,1416852,,,,,,2020,0,0,SAC,SAC,SAC
1/3,Cam Reddish,"4,245,720","4,458,000","4,670,160","5,954,454",,,,1,0,SAC,SAC,SAC
2/2,Allonzo Trier,525000,551250,578813,,,,,0,0,SAC,SAC,SAC
2/2,Josh Okogie,2530680,2771040,4272944,,,,2022,0,0,SAC,SAC,SAC
2/2,Luke Kennard,3827160,5273826,,,,,2021,0,0,SAC,SAC,SAC
3/3,Michael Porter Jr.,3389400,3550800,5258735,,,,2022,0,0,SAC,SAC,SAC
4/4,DJ Wilson,2961120,4548280,,,,,2021,0,0,SAC,SAC,SAC
4/4,Trey Lyles,5500000,5500000,,,,,,0,0,SAC,SAC,SAC
4/5,Ivan Rabb,1618520,,,,,,2020,0,0,SAC,SAC,SAC
5/5,Thon Maker,3569643,,,,,,2020,0,0,SAC,SAC,SAC
1/1,Devonte' Graham,1416852,1663861,,,,,2021,0,0,SAS,SAS,SAS
1/1,Nigel Williams-Goss,1500000,1517981,1782621,,,,2022,1,0,SAS,SAS,SAS
1/1,Collin Sexton,4764960,4991880,6349671,,,,2022,1,0,SAS,SAS,SAS
1/1,Kyrie Irving,21329750,,,,,,,0,0,SAS,SAS,SAS
1/1,Isaiah Thomas,2320044,,,,,,,0,0,SAS,SAS,SAS
2/2,Bruce Brown Jr.,1416852,1663861,,,,,2021,0,0,SAS,SAS,SAS
2/2,Wayne Selden,1929375,2025844,2127136,,,,,0,1,SAS,SAS,SAS
2/3,Evan Turner,787500,826875,,,,,,0,0,SAS,SAS,SAS
2/3,Damyean Dotson,1618520,,,,,,2020,0,0,SAS,SAS,SAS
2/3,DeMar DeRozan,21725750,,,,,,,0,0,SAS,SAS,SAS
3/3,Dillon Brooks,1618520,,,,,,2020,0,0,SAS,SAS,SAS
3/3,Rondae Hollis-Jefferson,9500000,10212250,10978168,,,,,0,0,SAS,SAS,SAS
3/3,Joe Ingles,9922500,10418625,10939556,,,,,0,0,SAS,SAS,SAS
3/3,Alfonzo Mckinnie,"4,250,000","4,462,500","4,685,625",,,,,0,0,SAS,SAS,SAS
5/5,Ivica Zubac,15000000,15750000,16537500,,,,,0,0,SAS,SAS,SAS
5/5,Anzejs Pasecniks,,,,,,,,0,1,SAS,SAS,SAS
1/1,Gary Payton II,1000000,,,,,,,0,0,TOR,TOR,TOR
1/2,Austin Rivers,5250000,5512500,5788125,,,,,0,0,TOR,TOR,MIN
2/2,Theo Pinson,525000,551250,,,,,,0,0,TOR,TOR,TOR
2/2,Sviatoslav Mykhailiuk,1416852,2079826,,,,,2021,0,0,TOR,TOR,TOR
2/2,Chandler Hutchison,2332320,2443440,4019459,,,,2022,0,0,TOR,TOR,TOR
2/2,Malachi Richardson,2581567,,,,,,2020,0,0,TOR,TOR,TOR
2/3,Timothe Luwawu-Cabarrott,2529684,,,,,,2020,0,0,TOR,TOR,TOR
3/3,Isaac Bonga,1416852,1663861,,,,,2021,0,0,TOR,TOR,TOR
3/3,Jaron Blossomgame,1000000,,,,,,,0,0,TOR,TOR,TOR
3/3,Jacob Evans,1925880,2017320,3641263,,,,2022,0,0,TOR,TOR,TOR
4/4,Cheick Diallo,1931189,,,,,,,0,0,TOR,TOR,TOR
4/4,Caleb Swanigan,2033160,3665787,,,,,2021,0,0,TOR,TOR,TOR
4/5,Mathias Lessort,,,,,,,,0,1,TOR,TOR,TOR
5/5,Meyers Leonard,525000,551250,578813,,,,,0,0,TOR,TOR,TOR
5/5,Damian Jones,2305057,,,,,,2020,0,0,TOR,TOR,TOR
1/1,Terry Rozier,21000000,22050000,23152500,,,,,0,0,UTA,UTA,UTA
1/1,Frank Ntilikina,4855800,6176578,,,,,2021,0,0,UTA,UTA,UTA
1/1,Kris Dunn,5348007,,,,,,2020,0,0,UTA,UTA,UTA
2/2,Lonnie Walker,2760480,2892000,4447896,,,,2022,1,0,UTA,UTA,UTA
2/2,Jaylen Brown,6534829,,,,,,2020,0,0,UTA,UTA,UTA
2/2,Lou Williams,7993125,8392781,8812420,,,,,0,0,UTA,UTA,UTA
2/3,Rodney Hood,"4,500,000","4,725,000","4,961,250","5,209,313",,,,0,0,UTA,UTA,UTA
4/4,Skal Labissiere,2338847,,,,,,2020,1,0,UTA,UTA,UTA
4/5,Larry Nance Jr.,732050,,,,,,,0,0,UTA,UTA,UTA
4/5,Domantas Sabonis,3529555,,,,,,2020,0,0,UTA,UTA,UTA
5/5,Clint Capela,14896552,16000000,17103448,18206897,,,,0,0,UTA,UTA,UTA
5/5,Jonas Valanciunas,17617978,,,,,,,0,0,UTA,UTA,UTA
5/5,Rudy Gobert,24258427,25775281,,,,,,0,0,UTA,UTA,UTA
1/2,Jrue Holiday,20685688,,,,,,,0,0,WAS,WAS,WAS
2/2,Victor Oladipo,15832063,,,,,,,0,0,WAS,WAS,WAS
2/2,C.J. McCollum,19992313,,,,,,,0,0,WAS,WAS,WAS
2/2,Isaia Cordinier,,,,,,,,0,1,WAS,WAS,WAS
2/2,Davon Reed,1618520,1752950,,,,,,1,0,WAS,WAS,WAS
2/3,Bogdan Bogdanovic,8820000,9261000,9724050,,,,,0,0,WAS,WAS,WAS
3/3,Cedi Osman,2907143,,,,,,2020,0,0,WAS,WAS,WAS
3/3,Justin Jackson,3280920,5029650,,,,,2021,0,0,WAS,WAS,WAS
4/4,Harrison Barnes,12650000,13598750,14618656,,,,,0,0,WAS,WAS,WAS
5/5,Aron Baynes,3675000,,,,,,,0,0,WAS,WAS,WAS
5/5,Greg Monroe,4410000,4630500,,,,,,0,1,WAS,WAS,WAS
5/5,Nerlens Noel,13289688,,,,,,,0,0,WAS,WAS,WAS
2/2,JJ Redick,8820000,,,,,,,0,0,,DAL,DAL
2/3,Joe Harris,3150000,3307500,3472875,,,,,0,0,,DAL,DAL