Rank,Auction,player,Team,Gs,MPG,FGM,FGA,FG,FTM,FTA,FT,THREES,REB,AST,STL,BLK,TOV,PTS
1,$76,James Harden,HOU,76,36,9.9,22.1,44.6,8.7,10.1,86.3,4.3,6.7,8.5,1.7,0.7,4.7,32.7
2,$61,Anthony Davis,LAL,73,35,10.1,19.3,52.3,6.7,8.1,82.1,0.8,11.5,3.6,1.5,2.2,2.1,27.7
3,$60,Giannis Antetokounmpo,MIL,73,33,10.1,18.3,55.3,7.3,9.5,77.2,0.9,12.8,6.1,1.4,1.6,3.2,28.4
4,$58,Karl-Anthony Towns,MIN,77,33,8.7,16.1,53.8,4.9,5.6,87.1,1.8,12.5,3.3,0.9,1.5,2.8,24
5,$52,Stephen Curry,GSW,72,34.5,9.7,20.6,46.9,4.2,4.6,91.6,4.6,5.3,5.8,1.4,0.3,2.9,28.1
6,$51,Nikola Jokic,DEN,77,32,7.8,15.2,51.3,4.1,4.8,85.1,1.3,11,7,1.2,0.7,3,21
7,$51,Damian Lillard,POR,79,35.5,8.3,18.9,44.3,6.2,6.8,91.4,3.2,4.7,6.7,1.1,0.4,2.7,26.1
8,$40,Bradley Beal,WAS,78,36,9.1,19.4,46.7,4.2,5.1,80.7,2.9,4.7,5.2,1.3,0.6,2.7,25.1
9,$40,Joel Embiid,PHI,65,33.5,9.1,18.7,48.3,7.7,9.7,79.7,1.4,13.1,4.1,0.7,2,3.9,27.3
10,$37,LeBron James,LAL,72,34.8,9.2,18.1,51.1,4.6,6.7,68.9,2.1,8.3,8.3,1.2,0.6,3.8,25.1
11,$37,Kemba Walker,BOS,79,34,8,18.5,43.3,4.5,5.3,84.5,3.2,4,5.8,1.2,0.3,2.4,23.8
12,$35,Andre Drummond,DET,78,34,7.1,13.6,52.3,3.1,5.3,57.7,0,16.5,2,1.7,1.7,2.5,17.3
13,$35,Ben Simmons,PHI,78,35,7.7,13.4,57.5,3.5,5.8,60,0,8.9,8.4,1.6,0.9,3.6,18.9
14,$35,Donovan Mitchell,UTA,78,34,8.7,19.7,44.1,4.3,5.2,82.2,2.7,4.2,4.5,1.5,0.4,2.9,24.4
15,$35,Russell Westbrook,HOU,72,35,7.9,18.6,42.5,4.8,6.8,71.5,1.8,10.6,9.8,1.6,0.3,4.4,22.4
16,$34,Paul George,LAC,65,35,7.9,18.1,43.6,4.8,5.8,83.5,3.6,6.9,3.5,1.9,0.5,2.5,24.2
17,$33,Kyrie Irving,BRK,67,33,9.1,18.7,48.9,3.5,4,87.6,2.8,4.3,6.2,1.3,0.4,2.5,24.5
18,$32,Zion Williamson,NOP,72,33,8.7,16,54.8,3.2,4.9,66.1,0.7,8.4,2.9,1.9,1,2.1,21.4
19,$32,Kawhi Leonard,LAC,62,33,8.9,18.1,49.3,5.8,6.8,84.8,2.4,6.5,3.6,1.7,0.5,2.1,26
20,$32,Trae Young,ATL,77,33,7.4,17.4,42.5,4.9,5.9,83.6,2.3,4,9.1,1,0.2,3.9,22
21,$31,Jrue Holiday,NOP,74,34,7.2,15.5,46.5,2.4,3.1,75.5,1.7,4.7,7.4,1.5,0.8,2.7,18.5
22,$30,Chris Paul,OKC,65,32,5.6,12.9,43,3.2,3.6,89.2,2.4,5.1,8.1,1.9,0.3,2.5,16.8
23,$30,Devin Booker,PHO,70,34.5,9.1,20.2,45.4,5.9,6.7,87.6,2.4,4.1,5.9,0.9,0.3,3.6,26.6
24,$30,Nikola Vucevic,ORL,72,31.5,8,16.2,49.5,1.9,2.4,77.5,1.2,11.2,3.8,1,1,2,19.1
25,$30,De'Aaron Fox,SAC,78,33,7.1,15.5,46,3.6,4.9,74.5,1.2,3.7,7.6,1.7,0.5,2.9,19
26,$28,Jimmy Butler,MIA,70,35,6.5,14.5,45.1,5,5.9,85.1,1.2,5.2,4.3,1.9,0.5,1.6,19.2
27,$28,Luka Doncic,DAL,72,34.5,8,18.2,44.1,5.6,7.9,71.8,2.8,8.6,6.9,1.2,0.4,3.6,24.5
28,$27,Deandre Ayton,PHO,72,32.5,8.6,14.6,58.6,2.6,3.3,77.1,0,10.7,2.2,0.9,0.9,2,19.7
29,$27,Tobias Harris,PHI,80,34,7,14.8,47.4,2.6,3.1,85.5,2.4,7.2,2.6,0.8,0.4,1.6,19.1
30,$26,Draymond Green,GSW,73,33.5,3.2,7.2,43.7,1.5,2.1,72.4,1.1,7.6,7.2,1.6,1.2,2.8,8.9
31,$26,Pascal Siakam,TOR,78,33,6.9,13.1,52.4,3.1,3.9,78,1.1,6.7,3.1,1,0.8,1.8,17.9
32,$26,John Collins,ATL,70,32,8.1,14.2,57.3,3.6,4.8,75.5,0.9,10.5,2.4,0.7,1,2.2,20.8
33,$26,D'Angelo Russell,GSW,71,32.5,8.4,19.5,42.9,2.6,3.3,78.9,2.9,4.3,7.1,1.3,0.3,3.2,22.3
34,$26,Jaren Jackson,MEM,70,32.5,6.9,13.4,51.1,3.8,4.8,77.8,1.4,5.9,1.6,1.1,1.9,2.1,18.8
35,$26,Jayson Tatum,BOS,78,33,6.4,13.8,46.2,2.9,3.4,85.8,1.8,6.2,2.3,1.2,0.8,1.7,17.4
36,$25,Myles Turner,IND,75,30,5.4,11,49.1,2.4,3.1,77.7,1,7.2,1.7,0.8,2.4,1.5,14.2
37,$24,DeMar DeRozan,SAS,77,33,7.5,15.9,47.5,4.8,5.8,83.3,0.6,5.5,5.5,1.1,0.4,2.3,20.5
38,$24,Eric Bledsoe,MIL,73,30,6,12.5,48,3.2,4.1,78.3,1.5,4.5,5.3,1.6,0.5,2.6,16.7
39,$24,Rudy Gobert,UTA,71,32,5.7,8.7,65,4,6,65.8,0,12.3,1.9,0.8,2.3,1.8,15.3
40,$23,Thomas Bryant,WAS,76,28,6.4,10.6,59.8,2.3,2.9,78.6,0.7,8.9,1.9,0.6,1.1,1.2,15.7
41,$23,Khris Middleton,MIL,76,31,6.1,13.8,44,2.9,3.3,86.6,2.2,5.7,4.2,1.2,0.2,2.2,17.2
42,$22,Clint Capela,HOU,70,32.5,7.7,11.9,64.9,2.4,4,60.6,0,12,1.3,0.8,1.5,1.6,17.8
43,$22,Mike Conley,UTA,70,32,6.5,15.1,43.1,4.6,5.4,85.2,2.3,3.2,5.8,1.2,0.3,1.8,19.9
44,$21,LaMarcus Aldridge,SAS,75,32,7.9,15.8,50.1,3.6,4.4,82.7,0.3,8.5,2.2,0.6,1.2,1.5,19.7
45,$21,Kristaps Porzingis,DAL,67,30.5,7.1,16,44.1,3.7,4.6,80.2,2,7.1,1.4,0.7,2.2,1.9,19.9
46,$21,Shai Gilgeous-Alexander,OKC,78,30.5,5.3,11,48.1,2.7,3.2,83.1,0.9,3.1,4.2,1.5,0.7,2,14.2
47,$21,Buddy Hield,SAC,79,31,6.7,14.8,45.2,1.5,1.8,88,3,4.8,2.5,0.9,0.3,1.8,17.9
48,$20,Kyle Lowry,TOR,67,33,4.8,11.5,41.7,2.6,3.2,83.3,2.5,5,8.1,1.2,0.4,2.6,14.8
49,$20,Julius Randle,NYK,74,32,7.6,14.2,53.4,4.7,6.3,74.7,0.6,9.1,3.4,0.7,0.6,2.7,20.5
50,$20,C.J. McCollum,POR,75,34,8.2,17.9,45.5,2.8,3.2,86.1,2.3,3.8,3.3,0.9,0.4,1.9,21.4
51,$20,Jamal Murray,DEN,76,32.5,6.7,15,44.8,2.9,3.3,87.3,2.1,3.9,4.2,1,0.4,2.1,18.5
52,$19,Otto Porter,CHI,71,32,5.6,11.6,48.6,1.5,1.8,83.5,1.9,6.2,2.3,1.4,0.6,1.1,14.7
53,$18,Blake Griffin,DET,67,35,8.4,18.4,45.8,4.8,6.2,76.7,2.2,7.7,5.5,0.7,0.3,3,23.8
54,$18,Josh Richardson,PHI,73,34.5,5.4,13,41.7,2.2,2.6,85,2.3,3.7,3.6,1.3,0.8,1.6,15.3
55,$17,Jonas Valanciunas,MEM,70,28,6.6,11.9,55.5,3,3.8,80.6,0.3,10.6,1.5,0.5,1.1,1.9,16.6
56,$16,Marc Gasol,TOR,74,28,4.3,9.3,46,2.1,2.6,80,1.1,7.2,4.2,0.9,1.1,1.9,11.7
57,$16,Lou Williams,LAC,76,27.5,6.1,14.4,42.2,5.2,5.9,87.7,1.6,2.6,5.2,0.8,0.2,2.4,18.9
58,$16,Kevin Love,CLE,67,29.5,5.7,13.6,41.8,3.8,4.3,87.8,2.6,11.3,2,0.6,0.3,1.7,17.8
59,$16,Zach LaVine,CHI,65,33,7.6,16.6,45.6,4.4,5.2,84.4,2.3,4.5,4.1,0.9,0.4,2.7,21.8
60,$16,Al Horford,PHI,69,30,5.1,10.4,49,1.1,1.4,80,1.5,6.9,4.6,0.8,1.1,1.7,12.8
61,$15,Danilo Gallinari,OKC,67,31,5.5,12.4,44.6,5,5.5,91.4,2.3,5.8,2.5,0.7,0.3,1.4,18.3
62,$15,Ricky Rubio,PHO,69,30,3.4,8.3,40.7,2.6,3.1,85,1.2,4.4,8.1,1.5,0.2,2.6,10.6
63,$15,Robert Covington,MIN,65,32,3.9,9.8,39.8,1.5,1.8,82.3,2.6,5.5,1.6,1.8,1.1,1.4,11.8
64,$14,Brook Lopez,MIL,74,28,4.7,10.5,45,1.7,2.1,79.7,2.2,4.7,1.6,0.5,1.8,1.3,13.3
65,$14,JaVale McGee,LAL,73,24,5.2,8.4,62.1,1.2,1.8,65.3,0,7.5,0.8,0.7,2,1.2,11.7
66,$14,Montrezl Harrell,LAC,76,26,6.7,10.9,61.7,2.9,4.5,65.2,0,6.2,1.9,0.8,1.2,1.4,16.3
67,$14,Terry Rozier,CHO,78,32,4.8,12.4,38.7,1.6,2,80.1,2.5,5.1,3.8,1.2,0.3,1.2,13.7
68,$13,Jarrett Allen,BRK,77,26,4.7,7.8,59.5,2.9,3.7,77.4,0.1,8.1,1.3,0.5,1.3,1.4,12.2
69,$13,Jeremy Lamb,IND,76,29,5.4,12.2,44.3,2.8,3.2,87.4,1.6,5.2,2.6,1,0.4,1.2,15.2
70,$13,Kelly Olynyk,MIA,77,27,4.2,8.7,47.8,2,2.5,80.1,2,6.1,2.4,0.9,0.5,1.8,12.3
71,$13,Marcus Smart,BOS,70,30,3.5,8.9,39.3,1.9,2.4,79.3,1.9,3.6,4.9,1.8,0.4,2,10.8
72,$13,Victor Oladipo,IND,58,32.5,7.2,16.3,44.4,3.1,4,77,2.3,5,4.7,1.6,0.5,2.4,19.8
73,$12,Aaron Gordon,ORL,74,33,6.3,14.3,44.2,2.5,3.4,73.5,1.7,6.7,3.2,0.9,0.7,1.8,16.9
74,$12,Bam Adebayo,MIA,76,27,4.2,7.2,58,2.7,3.5,75.6,0,8.3,2.8,0.8,0.8,1.5,11.1
75,$12,Hassan Whiteside,POR,71,26,5.9,10.8,55.2,2,3.4,57.9,0,12.2,0.9,0.7,1.8,1.7,13.9
76,$12,Lauri Markkanen,CHI,65,32,6.5,15.2,42.9,3.2,3.7,86.5,2.5,8.6,1.5,0.7,0.6,1.5,18.6
77,$12,Malcolm Brogdon,IND,70,31,5.8,12,48.5,1.9,2.1,91.4,1.6,4.4,3.7,0.9,0.2,1.6,15.2
78,$11,Domantas Sabonis,IND,74,28,5.9,10.9,53.9,3,4.1,72.8,0.3,9.1,3,0.7,0.5,2.3,15
79,$11,Serge Ibaka,TOR,74,27,5.7,11.5,49.8,1.6,2.1,78.6,1,7.5,1.2,0.4,1.4,1.4,14.1
80,$11,Dejounte Murray,SAS,70,28,5.1,11,46.5,2.1,2.8,73.3,0.3,7.6,4.4,1.4,0.6,2.4,12.6
81,$11,Larry Nance,CLE,69,27,3.9,7.3,54.3,1.4,2,70.2,0.4,8.3,2.8,1.5,0.6,1.3,9.7
82,$11,Mitchell Robinson,NYK,71,22,3.6,5.3,68.2,1.6,2.5,62.2,0,6.8,0.6,0.8,2.4,0.7,8.7
83,$11,Steven Adams,OKC,78,33,5.9,10,58.5,2,3.7,53,0,9.1,1.5,1.2,1,1.8,13.7
84,$10,Enes Kanter,BOS,66,27,6.3,11.3,55.8,2.7,3.3,82.5,0.2,10.9,1.8,0.6,0.6,2,15.5
85,$10,Mikal Bridges,PHO,79,29,3.3,7.5,43.9,1.3,1.6,82,1.4,3.4,2.2,1.5,0.5,1,9.3
86,$10,Nerlens Noel,OKC,71,22,3.6,6.2,57.6,1.4,2,72.4,0,7.2,1.1,1.3,1.4,1.1,8.5
87,$10,Dennis Schroder,OKC,74,30.5,6.2,14.5,42.7,3,3.5,85,1.5,3.3,4.9,0.9,0.1,2.6,17
88,$10,Derrick White,SAS,72,28,4.2,8.9,47.3,1.4,1.8,77.8,1.2,4.1,4.2,1.1,0.8,1.5,11.1
89,$9,Jeff Teague,MIN,67,30,4.6,10.6,43.5,2.9,3.5,83.8,1.1,2.8,7,1.2,0.4,2.3,13.2
90,$9,Derrick Favors,NOP,74,27,5.2,9.5,55.1,2,3,67,0.2,7.9,1.5,0.8,1.2,1.3,12.6
91,$9,Joe Ingles,UTA,80,27,3.5,7.9,44.6,0.8,1.1,74,2,3.5,4.5,1,0.2,1.9,9.8
92,$9,Kevon Looney,GSW,78,26,3.8,6.4,60.2,1.2,1.9,65.8,0,7,2,0.9,1.1,0.9,9
93,$9,Gordon Hayward,BOS,70,29,4.9,10.8,45.8,2.7,3.2,83.3,1.6,4.8,3.5,0.9,0.3,1.5,14.2
94,$8,Bojan Bogdanovic,UTA,78,31,5.5,11.5,48.1,2.5,3,82.9,2.1,3.8,1.6,0.7,0.1,1.3,15.7
95,$8,Jonathan Isaac,ORL,73,27,3.7,8.6,42.9,1.6,2,82.2,1.4,5.4,1.2,1,1.3,1.1,10.4
96,$8,Delon Wright,DAL,70,27,3.8,8.6,44,1.7,2.2,78.9,1.2,4.3,3.9,1.4,0.5,1.3,10.5
97,$7,Wendell Carter,CHI,70,27,4.6,9.3,49.6,2.6,3.2,80.4,0.2,7.8,2.2,0.6,1.2,1.6,12
98,$7,Dwight Powell,DAL,75,24,4,6.7,58.6,2.5,3.3,74.9,0.5,6.4,1.6,0.9,0.7,1,10.9
99,$7,Kevin Huerter,ATL,74,29,4.4,10.1,43.5,0.7,1,75.1,2.3,3.6,3.2,1,0.4,1.5,11.8
100,$7,Danny Green,LAL,73,28,3.5,8,43.6,0.6,0.7,83,2.2,3.9,1.7,1,0.9,1.1,9.7
101,$7,Miles Bridges,CHO,77,26,3.9,8.4,47.2,1.1,1.5,78.4,1.4,5,1.6,0.9,0.8,0.8,10.4
102,$6,Caris LeVert,BRK,67,30,5.9,13.3,44.2,2.2,3.1,73,1.7,4.1,4.5,1.2,0.4,2,15.7
103,$6,Spencer Dinwiddie,BRK,72,29,4.5,10.8,41.4,3.3,4.1,81.5,1.9,2.8,5.5,0.7,0.3,1.9,14.2
104,$6,Collin Sexton,CLE,80,33,7,16,43.9,3.1,3.8,83,1.6,3.2,3.2,0.6,0.1,2.4,18.8
105,$6,Ja Morant,MEM,72,27,4.7,10.8,43.8,3,3.9,75.7,0.9,3.3,6.4,1,0.4,2.4,13.4
106,$6,Paul Millsap,DEN,68,27,4.4,9.5,46.8,2.5,3.5,72.6,1,6.4,2.3,1.2,0.8,1.5,12.4
107,$6,Dario Saric,PHO,78,27,4.4,10.3,43.2,2.1,2.4,88,1.8,5.7,2.2,0.6,0.2,1.6,12.8
108,$6,Andrew Wiggins,MIN,77,34,7.1,16.9,41.9,3.1,4.5,69.2,1.8,4.3,2.6,1,0.6,1.9,19
109,$6,Gary Harris,DEN,63,32,5.6,12.5,44.7,2,2.4,83,2.3,2.8,2.5,1.4,0.3,1.4,15.5
110,$6,Marvin Bagley,SAC,69,28.5,6.7,13.3,50.5,3.9,5.4,71.3,0.6,8.3,1.2,0.6,1,1.8,17.9
111,$5,DeAndre Jordan,BRK,72,26,3.9,6,64.3,1.9,3.1,62.6,0,11.8,1.6,0.5,1,1.6,9.6
112,$5,Thaddeus Young,CHI,77,27,4.4,9,48.5,0.7,1.2,61.7,0.6,5.5,1.9,1.4,0.4,1.2,10
113,$5,Jaylen Brown,BOS,73,31,5.8,12.7,45.6,2.4,3.6,66.6,1.7,5.2,1.8,1.1,0.5,1.8,15.7
114,$5,Evan Fournier,ORL,70,32,5.7,13,43.9,2.1,2.6,82.8,2.2,3.1,3.4,0.9,0.2,1.9,15.7
115,$5,Dewayne Dedmon,SAC,65,25,3.4,6.9,49.8,1.1,1.4,78.8,1.3,8,1.4,0.8,1,1.2,9.2
116,$5,Patrick Beverley,LAC,70,29,2.7,6.7,40.5,1.2,1.5,77.8,1.7,5.1,4,1.1,0.5,1.3,8.3
117,$5,Kyle Kuzma,LAL,74,30,6.2,13.7,45.2,2.3,3.1,73.9,2.2,5,2.2,0.6,0.4,1.7,16.8
118,$4,Maxi Kleber,DAL,77,25,2.9,6.3,45.8,1,1.3,78.6,1.4,5.2,1.2,0.7,1.2,0.8,8.1
119,$4,Nicolas Batum,CHO,71,28,3.3,7.8,42.2,1.3,1.6,84.5,1.5,4.7,4.1,0.9,0.5,1.7,9.4
120,$4,Harrison Barnes,SAC,75,32,5.6,12.7,44.1,2.5,3,83.7,1.7,5.1,1.9,0.7,0.2,1.4,15.5
121,$4,Elfrid Payton,NYK,70,26,4.5,9.5,47.6,1.5,2.1,71.4,0.6,4.2,5.6,1.1,0.4,2,11.2
122,$4,Fred VanVleet,TOR,71,27,4,9.5,41.9,1.6,1.8,84.1,1.8,2.9,4.5,1,0.3,1.3,11.2
123,$4,D.J. Augustin,ORL,76,28,3.7,8.2,45.3,2.3,2.7,85.3,1.7,2.4,4.6,0.6,0,1.7,11.5
124,$4,J.J. Redick,NOP,73,27,4.8,11,44.1,2.5,2.8,89.1,2.7,2.2,2.5,0.5,0.1,1.2,14.9
125,$3,P.J. Tucker,HOU,79,30,2,5.3,38.9,0.6,0.8,72.3,1.6,5.4,1.1,1.3,0.4,0.8,6.3
126,$3,Joe Harris,BRK,74,29,4.4,9.1,48.1,1.2,1.5,82.1,2.4,3.6,2,0.6,0.3,1.4,12.4
127,$3,Taurean Waller-Prince,BRK,71,26,4.2,10,42.2,1.9,2.2,84.5,1.9,3.7,2.1,0.9,0.5,1.8,12.2
128,$3,Ivica Zubac,LAC,66,24.5,5.2,9.6,54.2,2.5,3.2,78,0,8.4,1.5,0.4,1.1,1.6,12.8
129,$3,Jakob Poeltl,SAS,75,23,3.7,5.9,63,0.9,1.6,56.3,0,6.8,1.3,0.7,1.3,1.2,8.3
130,$2,Isaiah Thomas,WAS,62,24,5.6,13.3,41.9,4.6,5.1,89.4,2.2,2,4.1,0.6,0.1,2.1,18
131,$2,Terrence Ross,ORL,75,24,4.5,10.5,42.9,1.2,1.4,85,2.2,3,1.4,0.9,0.4,0.9,12.4
132,$2,Willie Cauley-Stein,GSW,78,25,4.8,9,52.9,1.7,2.9,59.1,0,7,2.2,0.9,0.7,1.1,11.2
133,$2,Kyle Anderson,MEM,71,25,3.1,5.9,52.2,1,1.5,68.7,0.3,4.8,2.6,1.3,0.7,1.2,7.4
134,$1,Kelly Oubre,PHO,72,25,4.2,10,41.6,2.2,2.8,79.9,1.5,4.1,1.2,1,0.6,1.2,12.1
135,$1,Zach Collins,POR,75,27,4,9,44.7,1.6,2.3,70.2,0.9,6.4,1.5,0.5,1.2,1.4,10.6
136,$1,Rudy Gay,SAS,65,25,4.7,9.7,48.1,1.7,2.1,79.7,1.1,6,2.2,0.8,0.6,1.6,12.1
137,$1,Eric Gordon,HOU,70,31,5,12.2,40.9,1.9,2.4,79.3,3.2,2.4,1.9,0.6,0.4,1.4,15
138,$1,Bogdan Bogdanovic,SAC,71,26,4.3,10.1,42.3,1.4,1.7,83.2,1.8,3,3.5,0.9,0.2,1.5,11.8
139,$1,Tyus Jones,MEM,74,23,2.8,6.6,42.9,1.3,1.5,86.1,0.8,2.2,4.6,1.3,0.1,0.9,7.7
140,$1,Will Barton,DEN,71,27,4.2,9.6,43.2,1.6,2,78.4,1.7,4.1,3.1,0.7,0.5,1.4,11.6
141,$1,Goran Dragic,MIA,65,30,5.5,12.6,43.7,2.4,3.1,77.7,1.4,3.6,5,0.9,0.2,2.2,14.9
142,$1,Justise Winslow,MIA,69,29,4.8,11,43.4,1.6,2.5,63.6,1.3,5.9,3.8,1,0.4,1.9,12.5
143,$1,Ish Smith,WAS,71,29,5,11.1,45,1,1.4,71.8,0.7,3.5,5.3,0.9,0.3,1.6,11.8
144,$1,James Johnson,MIA,70,25,3.7,8,46.9,1.3,1.9,70,0.9,4.7,3.4,0.9,0.6,1.7,9.7
145,$1,Jordan Clarkson,CLE,79,24,5.1,11.7,44.2,1.6,2,81.7,1.5,2.7,2.5,0.7,0.1,1.5,13.4
146,$1,Marvin Williams,CHO,76,25,3,7.1,42.3,1.1,1.4,81.1,1.6,4.7,1.2,0.7,0.6,0.7,8.7
147,$1,Kris Dunn,CHI,65,24,3.9,9.3,42.5,1.2,1.5,78,0.7,3.5,4.4,1.3,0.5,1.8,9.8
148,$1,Al-Farouq Aminu,ORL,75,26,2.6,6.4,40.5,1.2,1.5,80,1.4,6.4,1.3,0.8,0.5,0.9,7.8
149,$1,Tomas Satoransky,CHI,74,25,2.9,5.9,48.4,1.3,1.6,79.2,0.7,3.2,4.1,1,0.2,1.3,7.7
150,$1,Malik Monk,CHO,71,25,4.7,12.1,39,1.8,2.1,87.1,2.4,2.6,2.5,0.7,0.4,1.6,13.6
151,$1,Royce O'Neale,UTA,79,25,2.5,5.4,46.2,0.8,1,79.6,1.2,4.2,2,0.8,0.3,1.1,7
152,$1,Jarrett Culver,MIN,72,29,5,12.2,40.9,2.2,3.1,69.9,1,5.1,3.3,1.2,0.3,1.9,13.1
153,$1,Jeff Green,UTA,76,25,3.5,7.8,45.2,2.2,2.4,88.6,1.2,3.7,1.5,0.5,0.5,1.1,10.4
154,$1,Jabari Parker,ATL,61,25,5.9,12.2,48.6,2.1,2.9,72.2,1.1,5.8,2.6,0.8,0.4,1.9,15.1
155,$1,Tim Hardaway,DAL,70,27,5.1,12.4,40.9,2.6,3.1,81.6,2,3.1,2.3,0.7,0.1,1.4,14.7
156,$1,Stanley Johnson,TOR,74,24,3.3,8.5,39.1,1.5,1.8,79.4,1.2,4.2,1.7,1.2,0.3,1.3,9.3
157,$0,Reggie Jackson,DET,67,26,4.8,11.7,41.4,2.2,2.6,86,1.8,2.5,4.2,0.6,0.1,1.8,13.7
158,$0,Norman Powell,TOR,71,24,4.1,9,45.2,1.3,1.7,80.3,1.4,2.8,1.8,0.9,0.3,1.4,10.9
159,$0,Brandon Clarke,MEM,72,18,3,5.1,58.4,0.9,1.3,69.1,0.2,4.4,1.2,0.6,1.3,0.9,7.1
160,$0,Trevor Ariza,SAC,70,26,2.7,6.8,39.4,1,1.3,79.7,1.7,3.9,2.5,1.1,0.2,0.8,8.1
161,$0,Rui Hachimura,WAS,72,27,4.5,8.9,50.9,1.8,2.6,71.6,0.4,5,1.5,0.8,0.5,1.4,11.3
162,$0,Dennis Smith Jr.,NYK,67,25,5.3,12.5,42.5,1.9,2.8,68,1.3,3,4.6,1,0.3,2.5,13.8
163,$0,Bobby Portis,NYK,69,22,4.8,10.7,45.1,1.4,1.8,78.7,1.2,6.8,1.4,0.6,0.3,1.3,12.3
164,$0,Cody Zeller,CHO,64,25,3.7,6.7,54.9,2,2.8,73.7,0.1,6.6,1.9,0.7,0.8,1.2,9.4
165,$0,Lonzo Ball,NOP,60,26,3.7,9,40.9,0.5,1.1,45.9,1.6,4.9,5.1,1.2,0.5,2,9.4
166,$0,Luke Kennard,DET,72,25,3.9,8.8,44.6,1.1,1.3,83.7,1.8,3.2,2.1,0.7,0.2,1.1,10.6
167,$0,Monte Morris,DEN,76,21,3.7,7.6,49,0.7,0.9,81.3,1.2,2.1,3.3,0.7,0,0.5,9.3
168,$0,DeAndre' Bembry,ATL,75,22,2.9,6.6,43.2,0.9,1.5,63.4,0.8,3.9,2.4,1.1,0.5,1.7,7.4
169,$0,Marcus Morris,NYK,70,26,4.2,9.8,43.3,1.6,1.9,82.4,1.6,5.3,1.3,0.6,0.3,1,11.7
170,$0,Landry Shamet,LAC,80,23,3.2,7.1,44.4,1,1.3,79.5,2.3,1.8,1.9,0.5,0.1,0.6,9.7
171,$0,Cedi Osman,CLE,72,26,4.1,9.2,43.9,1.7,2.2,76.7,1.5,4,2.1,0.8,0.1,1.3,11.3
172,$0,Rondae Hollis-Jefferson,TOR,70,24,4,9.1,44.5,2.7,3.7,73.7,0.2,6.1,2.1,0.9,0.6,1.4,11
173,$0,Darius Garland,CLE,72,29.5,5,10.7,46.7,1.7,2.3,72.3,1.3,3.4,2.6,0.7,0.1,2.1,13
174,$0,George Hill,MIL,65,26,3.5,8,43.6,1.5,1.9,82.3,1.4,2.9,2.8,0.9,0.3,1.2,9.9
175,$0,Kentavious Caldwell-Pope,LAL,74,23,3.4,8.1,42.5,1.5,1.8,81.7,1.7,2.7,1.5,0.9,0.1,0.9,10
176,$0,Jake Layman,MIN,72,22,3.6,7.2,50,0.9,1.3,72.2,1.4,3.7,0.9,0.6,0.6,0.7,9.5
177,$0,Aaron Holiday,IND,70,21.7,3.7,9,40.7,1.7,2,82.2,1.4,2.3,3.1,0.7,0.5,1.3,10.4
178,$0,Davis Bertans,WAS,74,20,2.5,5.8,42.9,0.8,0.9,86.7,2.1,3.2,1.4,0.4,0.5,0.6,7.9
179,$0,Jerami Grant,DEN,78,22,3.2,6.4,49.3,1.7,2.4,71.4,0.9,3.5,0.7,0.5,0.9,0.6,9
180,$0,Malik Beasley,DEN,77,21,3.7,7.8,46.8,0.8,0.9,82.3,1.7,2.3,1.1,0.6,0.2,0.7,9.7
181,$0,Allen Crabbe,ATL,72,24,3.7,8.8,42.2,1.2,1.5,80.5,2.2,3.2,1.3,0.5,0.3,0.9,10.8
182,$0,Cory Joseph,SAC,76,22,2.9,6.7,42.8,0.7,0.9,75.6,0.8,3.1,3.1,0.9,0.2,1,7.2
183,$0,Meyers Leonard,MIA,68,23,2.9,6,49.1,0.9,1,87.6,1.7,5.4,1.9,0.3,0.3,0.9,8.4
184,$0,OG Anunoby,TOR,70,25.7,3.6,7.6,47.3,0.8,1.2,63,1.5,3.7,1,0.9,0.4,1,9.4
185,$0,T.J. Warren,IND,63,26,5.4,11.4,47.2,2,2.5,79.7,0.8,3.5,1.1,0.9,0.5,0.9,13.5
186,$0,Rodney Hood,POR,68,26.5,4.5,10.8,41.8,1.8,2.1,86.6,1.5,2.6,2.1,0.7,0.2,1.1,12.4
187,$0,Matisse Thybulle,PHI,72,18,2.2,5.9,37.3,0.7,0.9,77.9,0.7,1.8,1.3,1.3,0.9,1,5.8
188,$0,Mario Hezonja,POR,72,20,3.2,7.4,43.2,1.2,1.5,81.4,1,3.6,1.5,0.9,0.3,1.1,8.6
189,$0,Michael Kidd-Gilchrist,CHO,73,24,3.4,7.2,47.3,1.6,2.2,72.9,0.4,4.6,1.2,0.8,0.7,0.7,8.8
190,$0,Maurice Harkless,LAC,65,22,2.9,5.9,48.5,0.8,1.1,69.4,0.8,3.8,1.1,1,0.8,0.7,7.3
191,$0,Derrick Rose,DET,60,26,6.3,13.8,45.8,2.4,2.8,85.9,0.8,2.5,3.7,0.5,0.2,1.7,15.8
192,$0,De'Andre Hunter,ATL,72,28,4.4,9.8,45.4,1.6,2.2,74.1,0.9,4.4,2.1,0.6,0.3,1.3,11.4
193,$0,Tristan Thompson,CLE,70,26,3.6,6.5,55.9,1.2,2,57.7,0,9.1,1.3,0.5,0.6,0.9,8.4
194,$0,Kent Bazemore,POR,69,20,2.9,7.3,39.7,1.4,1.8,75.5,1.3,2.9,2,1,0.5,1.4,8.5
195,$0,Rajon Rondo,LAL,62,23,2.7,6.5,41.3,0.3,0.6,60,0.9,4,6.1,1,0.1,2,6.5
196,$0,DeMarre Carroll,SAS,72,24,3.1,7.8,39.2,2.2,2.8,77.5,1.8,4.8,1.4,0.6,0.3,1,10.1
197,$0,Mason Plumlee,DEN,76,18,2.7,4.6,58,1,1.9,52,0,5.2,2.5,0.6,0.8,1.2,6.4
198,$0,Josh Okogie,MIN,70,22,2.7,6.8,40.1,1.9,2.5,75.6,1,2.8,1.3,1.1,0.5,0.8,8.3
199,$0,Justin Holiday,IND,76,21,2.5,6.6,37.8,0.9,1,86.8,1.4,2.7,1.3,0.8,0.3,0.8,7.3
200,$0,Seth Curry,DAL,73,21,3.2,6.9,46.1,0.7,0.8,85.3,1.8,1.8,1.3,0.6,0.1,0.9,8.8
201,$0,Avery Bradley,LAL,70,27,4,9.7,41,0.8,1,80.6,1.4,2.8,2,0.8,0.2,1.4,10.2
202,$0,Brandon Ingram,NOP,62,28,5.5,11.5,48,3.2,4.6,68.9,0.7,4.5,3,0.6,0.5,2.1,14.9
203,$0,Gerald Green,HOU,71,21,3.2,7.9,40.2,0.9,1.1,82.9,2.3,2.9,0.6,0.5,0.4,0.8,9.5
204,$0,Troy Brown,WAS,65,23,3.5,8,43.4,1.5,2.1,71.2,0.9,4.8,3,0.8,0.1,1,9.4
205,$0,JaMychal Green,LAC,65,20,3,6.3,46.7,1.2,1.5,79.3,1,6,0.9,0.6,0.4,1.1,8.1
206,$0,R.J. Barrett,NYK,72,28.3,5.6,14,40.3,2.1,3.1,67.5,1.2,4.9,3.1,0.6,0.2,1.9,14.5
207,$0,Dion Waiters,MIA,65,27,4.8,11.9,40.3,1,1.7,60.6,2.2,2.7,3.2,0.7,0.3,1.8,12.8
208,$0,Rodions Kurucs,BRK,67,20,3.3,7.3,45.4,1.2,1.5,80.1,1.2,3.6,0.9,0.7,0.4,1.1,9
209,$0,Terrance Ferguson,OKC,73,26,3,6.8,44.2,0.6,0.8,76.7,1.7,1.9,0.9,0.7,0.3,0.6,8.3
210,$0,Dorian Finney-Smith,DAL,76,22,2.4,5.9,41.5,0.7,1,73.7,1,4,1.1,0.8,0.4,0.8,6.6
211,$0,Danuel House,HOU,67,23,2.9,6.2,46.8,1.4,1.8,77.8,1.7,3.4,1.1,0.5,0.3,0.8,8.9
212,$0,Alex Len,ATL,71,18,3.4,6.6,50.7,1.7,2.6,67.2,0.5,5.6,1,0.4,0.8,1.1,9
213,$0,Pat Connaughton,MIL,74,21,2.5,5.7,44,0.5,0.7,77.5,1.3,3.3,1.8,0.5,0.3,0.6,6.8
214,$0,Evan Turner,ATL,74,22,2.9,6.4,45.4,0.9,1.2,77.3,0.3,3.9,2.9,0.5,0.3,1.4,7.1
215,$0,Tyler Johnson,PHO,72,19,2.9,7,42.3,1.2,1.5,78.3,1.2,2.3,2,0.6,0.3,0.9,8.2
216,$0,Markieff Morris,DET,67,21,3.2,7,45.1,1.1,1.4,82.1,0.9,4.1,1.3,0.6,0.4,1,8.4
217,$0,Garrett Temple,BRK,71,22,2.2,5.4,41,0.9,1.1,78.2,1.1,2.4,1.5,0.9,0.3,0.9,6.4
218,$0,Jaxson Hayes,NOP,71,16,2.5,4,61.5,0.9,1.3,71.7,0.1,3.3,0.4,0.5,1,0.7,5.9
219,$0,Tony Snell,DET,72,24,2.4,5.4,44.7,0.5,0.6,83,1.6,2.2,1.2,0.6,0.3,0.4,7
220,$0,Mike Muscala,OKC,68,18,2.3,5.2,43.7,1,1.2,84.5,1.3,3.5,1.1,0.5,0.5,0.7,6.8
221,$0,Jordan Bell,MIN,70,15,2,3.6,54.3,0.5,0.8,65.5,0,3.7,1.7,0.6,1,0.9,4.4
222,$0,Wesley Matthews,MIL,68,22,2.8,7.2,39.1,1.3,1.6,82.2,1.6,2.3,2.1,0.7,0.2,1,8.5
223,$0,Goga Bitadze,IND,72,15,2.7,5,52.9,1.3,1.9,66.8,0.3,4.4,0.8,0.4,0.9,1.1,6.9
224,$0,C.J. Miles,WAS,61,23,3.3,8.6,38.3,1.2,1.4,84.9,2.2,2.7,0.9,0.7,0.4,0.7,10
225,$0,Robin Lopez,MIL,70,20,3.9,7.3,54.3,0.9,1.2,74.5,0.1,3.7,1.2,0.2,0.8,1.2,8.8
226,$0,Ian Mahinmi,WAS,65,20,2.4,4.8,50.6,1.6,2.3,67.4,0,5.3,1.1,0.9,0.7,1.5,6.5
227,$0,Alfonzo McKinnie,GSW,71,23,2.9,6.2,47.2,0.6,1.1,57.8,1.2,5.5,0.8,0.5,0.3,0.7,7.7
228,$0,Josh Jackson,MEM,77,18,3.5,8.1,43,1.5,2.2,67.8,0.7,3.1,1.5,0.7,0.4,1.5,9.2
229,$0,Kevin Knox,NYK,72,26,4.4,11.7,37.4,2.1,2.9,72.3,1.7,4.1,1.1,0.6,0.3,1.4,12.6
230,$0,Alec Burks,GSW,65,20,3,7.4,40.5,1.7,2.1,82.3,1.1,3.6,1.6,0.7,0.2,1,8.8
231,$0,Patty Mills,SAS,75,17.2,2.4,5.6,42.6,0.8,0.9,86.6,1.5,1.5,2,0.5,0.1,0.9,7
232,$0,Ersan Ilyasova,MIL,71,18,2.7,6.2,43.2,1.2,1.5,81.1,1,3.9,0.9,0.6,0.3,0.7,7.5
233,$0,Mohamed Bamba,ORL,64,16,2.7,5.4,49.4,1,1.5,62.5,0.5,5.1,0.9,0.3,1.3,0.9,6.7
234,$0,Cam Reddish,ATL,72,24.5,3.1,9.5,32.7,1.1,1.4,73.5,1.4,2.8,1.6,1,0.3,1.6,8.7
235,$0,Bismack Biyombo,CHO,76,17.7,2,3.8,53.5,1.3,1.9,65.4,0,5.8,0.8,0.3,1,1,5.4
236,$0,Robert Williams,BOS,60,12,1.6,2.3,72.6,0.4,0.7,60.9,0,3.4,0.3,0.4,1.8,0.5,3.7
237,$0,Daniel Theis,BOS,65,15,2.3,4.2,53.4,1,1.3,75.4,0.5,4.1,1.1,0.4,0.7,0.7,6
238,$0,Andre Iguodala,MEM,67,20,1.7,3.6,48.6,0.5,0.9,59.8,0.5,3.1,2.5,0.7,0.6,0.7,4.6
239,$0,James Ennis,PHI,67,21,2.2,5,45,1,1.3,79.3,1,3.2,0.9,0.7,0.3,0.7,6.5
240,$0,Glenn Robinson III,GSW,66,23,2.8,6.2,45.4,1,1.3,76.9,0.9,3.6,0.9,0.7,0.3,0.7,7.6
241,$0,Jae Crowder,MEM,76,18,2.3,5.7,40.5,1,1.4,76.8,1.2,2.9,1,0.5,0.2,0.6,6.9
242,$0,Jalen Brunson,DAL,72,18,3.2,6.6,47.7,1.3,1.7,74.5,0.8,1.9,2.9,0.4,0,1.1,8.4
243,$0,Tyler Herro,MIA,72,21,2.8,6.9,40.9,1,1.2,82.5,0.8,2.7,1.6,0.6,0.2,1,7.4
244,$0,Nemanja Bjelica,SAC,70,15,2,4.3,45.2,0.5,0.6,77.2,1,3.5,1.1,0.5,0.4,0.6,5.4
245,$0,Austin Rivers,HOU,71,23,3.1,7.4,41.3,0.9,1.5,59.7,1.4,1.8,2.6,0.7,0.2,1,8.4
246,$0,Taj Gibson,NYK,72,16,2.6,4.6,56.2,0.9,1.2,76.9,0.1,3.8,0.7,0.4,0.4,0.6,6.1
247,$0,Dwayne Bacon,CHO,67,24,3.5,7.9,43.9,1,1.3,78.1,1.1,3.5,1.5,0.5,0.1,0.7,9
248,$0,Cameron Johnson,PHO,72,18,2.5,5.7,44.3,0.8,1.1,76,0.9,2.8,1.3,0.6,0.2,0.8,6.8
249,$0,P.J. Washington,CHO,72,18,2.7,6,45.6,1.2,1.8,67.4,0.5,4.1,1.1,0.5,0.5,1,7.1
250,$0,Willy Hernangomez,CHO,65,15,3,5.6,52.9,1.5,2.2,68.1,0.2,5.6,1.2,0.5,0.4,1,7.6
251,$0,Dylan Windler,CLE,72,15,2.1,4.5,47,0.8,1,77.6,0.8,3.6,1,0.5,0.2,0.8,5.8
252,$0,Noah Vonleh,MIN,65,18,2.5,5.1,48.6,1.1,1.7,67,0.4,5.8,1.1,0.5,0.5,0.9,6.5
253,$0,De'Anthony Melton,MEM,70,13,1.5,3.6,42.3,0.3,0.4,80.3,0.5,1.8,2,0.9,0.3,0.9,3.9
254,$0,Gorgui Dieng,MIN,65,15,2.2,4.6,48.7,0.9,1.1,79.1,0.2,4.2,1,0.5,0.5,0.6,5.6
255,$0,Moritz Wagner,WAS,65,16,2.5,5.8,44,1.6,2.1,79.9,1,3,1,0.4,0.5,1.2,7.7
256,$0,Nickeil Alexander-Walker,NOP,72,16,2.4,5.6,41.9,0.9,1.2,73.8,0.6,2,1.8,0.7,0.2,1.1,6.3
257,$0,Ed Davis,UTA,73,15,1.6,2.8,56.9,0.8,1.3,65.2,0,6.6,0.6,0.4,0.5,0.7,4
258,$0,Anthony Tolliver,POR,72,18,1.8,4.2,41.8,1,1.2,78.5,1.6,2.6,0.9,0.3,0.3,0.6,6
259,$0,Kyle O'Quinn,PHI,60,12,2.1,3.8,54.7,0.7,0.8,77.8,0,4.3,1.6,0.4,0.9,0.8,4.8
260,$0,Ante Zizic,CLE,62,20,3.3,6.2,54.1,1.7,2.4,71.9,0,6.2,1,0.2,0.5,1.1,8.4
261,$0,Zhaire Smith,PHI,65,18,2.5,6,42.4,1.3,1.7,76.3,1.2,2.3,1.8,0.4,0.4,1,7.6
262,$0,Khem Birch,ORL,62,16,2.2,3.7,58.3,1.2,1.7,70.4,0,4.9,1,0.4,0.7,0.5,5.6
263,$0,Marco Belinelli,SAS,77,15,2.2,5.2,42.2,1,1.1,90.2,1.1,1.6,1.2,0.3,0.1,0.6,6.5
264,$0,Bruce Brown Jr.,DET,60,24,2.4,5.8,41,0.8,1.1,77.2,0.5,2.9,1.6,0.7,0.6,0.8,6.1
265,$0,Josh Hart,NOP,70,16,2,4.6,42.4,0.7,1,72.9,1,2.6,0.9,0.6,0.3,0.6,5.6
266,$0,Derrick Jones,MIA,60,18,2.7,5.5,50,1.3,2,65.3,0.5,3.7,0.6,0.7,0.6,0.7,7.3
267,$0,Dillon Brooks,MEM,60,21.5,3.1,7.3,43,1.2,1.5,74.6,1.1,2.5,1.3,0.7,0.2,1.1,8.5
268,$0,Elie Okobo,PHO,67,18,2.3,5.6,40.9,0.8,0.9,81.3,0.7,2,2.4,0.6,0.1,1.1,6.1
269,$0,Jerome Robinson,LAC,65,18,2.5,5.8,42.2,0.4,0.5,71,1.2,2.4,1.1,0.6,0.2,0.7,6.5
270,$0,Coby White,CHI,72,18,2.6,7,37.9,0.9,1.2,75,0.9,1.9,2.2,0.6,0.1,1.2,7.2
271,$0,Justin Jackson,DAL,72,18,2.5,5.6,44.4,0.6,0.8,78.5,0.9,2.5,1.1,0.3,0.2,0.4,6.6
272,$0,Juan Hernangomez,DEN,70,15,1.7,3.9,43.4,1,1.2,80.9,0.9,2.8,0.6,0.4,0.3,0.5,5.3
273,$0,Dante Exum,UTA,67,18,2.6,6.2,41.9,1.3,1.7,80.1,0.7,1.9,2.4,0.4,0.2,1.2,7.3
274,$0,Jahlil Okafor,NOP,62,13.5,3.2,5.6,56.7,1,1.5,66.8,0,4,0.7,0.2,0.6,0.8,7.3
275,$0,Kyle Korver,MIL,67,15,1.9,4.6,42.3,0.6,0.7,86.1,1.5,1.8,0.9,0.3,0.2,0.6,6
276,$0,Michael Carter-Williams,ORL,62,15,1.6,4.3,36.6,1.1,1.5,72.6,0.3,2.6,2.1,0.8,0.5,0.9,4.6
277,$0,E'Twaun Moore,NOP,65,16,2.6,5.4,48.2,0.4,0.5,74.2,0.9,1.4,1.2,0.5,0.1,0.6,6.5
278,$0,Sekou Doumbouya,DET,72,15,1.8,5,36.6,0.6,0.8,69.7,0.3,3,0.8,0.6,0.5,1.1,4.5
279,$0,Aron Baynes,PHO,66,15,1.9,4,46.9,0.8,0.9,82,0.2,4.4,1,0.2,0.5,0.8,4.7
280,$0,Wilson Chandler,BRK,62,18,2.1,4.8,43.4,0.7,1,74.4,0.9,3.2,1.4,0.4,0.3,0.7,5.7
281,$0,Thon Maker,DET,66,15,1.9,4.5,42.2,1,1.4,69.7,0.7,2.9,0.7,0.4,0.6,0.6,5.4
282,$0,Quinn Cook,LAL,70,14.2,2.4,5.2,46.1,0.3,0.3,80.6,1,1.8,1.7,0.3,0,0.6,6.1
283,$0,Bryn Forbes,SAS,77,15,2.2,5.1,44,0.5,0.6,81.4,1.1,1.3,1.1,0.3,0,0.5,6.1
284,$0,Grant Williams,BOS,72,12,1.8,3.8,48.8,0.9,1.2,76.1,0.2,2.4,1.1,0.4,0.4,0.7,4.8
285,$0,Lonnie Walker,SAS,66,12,1.8,5,36.2,1,1.1,84.9,0.7,1.8,1,0.6,0.3,0.5,5.2
286,$0,Doug McDermott,IND,75,16,2.2,4.8,46.2,0.7,0.9,83,1.1,1.6,0.8,0.2,0.1,0.5,6.3
287,$0,Georges Niang,UTA,60,14.5,2.3,4.9,47.2,0.6,0.7,83.7,1.2,2.4,1.1,0.3,0.2,0.6,6.4
288,$0,Darius Miller,NOP,70,16,1.6,4,41.2,0.4,0.5,84.1,1.3,1.2,1.2,0.3,0.2,0.5,5
289,$0,Rodney McGruder,LAC,65,18,2,5,39.8,0.5,0.7,68.9,1.1,2.6,1.2,0.5,0.2,0.6,5.5
290,$0,Romeo Langford,BOS,72,18,2.5,6.3,39.9,1.2,1.7,70.7,0.5,2.5,1.2,0.5,0.3,1,6.7
291,$0,T.J. McConnell,IND,65,12,1.7,3.3,49.9,0.3,0.3,78.7,0.2,1.4,2.2,0.7,0.1,0.8,3.7
292,$0,Luke Kornet,CHI,60,12,1.7,4.3,38.9,0.6,0.7,81.4,1,2.1,0.9,0.4,0.6,0.4,4.9
293,$0,Darius Bazley,OKC,60,15,2.7,6.4,41.4,0.7,0.9,76.2,0.5,3,0.5,0.4,0.7,1.5,6.5
294,$0,Wayne Ellington,NYK,63,15,1.9,4.6,40.6,0.4,0.5,83.1,1.6,1.4,0.7,0.5,0.1,0.4,5.8
295,$0,Denzel Valentine,CHI,60,15,2,5.1,39.6,0.3,0.4,77.3,1.2,2.7,1.7,0.4,0.1,0.7,5.5
296,$0,Mike Scott,PHI,72,15,2.1,4.6,44.7,0.4,0.6,67.6,0.9,2.6,0.8,0.3,0.1,0.6,5.4
297,$0,Langston Galloway,DET,70,15,2,5.3,37.8,0.6,0.7,84,1.3,1.5,0.8,0.4,0.1,0.3,5.9
298,$0,Harry Giles,SAC,60,12,2.7,5.3,50.6,0.9,1.3,67,0,3.3,1.4,0.5,0.3,1,6.2
299,$0,Gary Clark,HOU,60,15,1.3,3.7,35,0.2,0.2,102.1,0.9,2.6,0.5,0.5,0.6,0.1,3.6
300,$0,Bruno Caboclo,MEM,60,12,1.4,3.2,44.8,0.7,0.8,84.6,0.8,2.4,0.8,0.2,0.5,0.7,4.4
301,$0,Troy Daniels,LAL,67,15,2.1,5.3,39.8,0.5,0.6,83,1.7,1.3,0.5,0.3,0.1,0.5,6.4
302,$0,Skal Labissiere,POR,60,12,2.1,4.5,47.3,1,1.2,84,0.1,3.2,0.8,0.2,0.5,0.7,5.5
303,$0,Anfernee Simons,POR,70,18,3.7,8.1,45.4,1.3,2.3,57.2,1.5,1.9,1.6,0.1,0.1,1.3,10.2
304,$0,Michael Porter Jr.,DEN,59,18,2.7,6.9,39.2,1.3,1.8,75.5,0.5,3.9,0.7,0.6,0.2,1,7.2
305,$0,Ryan Arcidiacono,CHI,72,12,1.2,2.5,45.5,0.5,0.6,86.2,0.6,1.3,1.7,0.4,0,0.4,3.4
306,$0,Nassir Little,POR,72,14,2,4.8,42.2,0.8,1.1,73.4,0.3,2.7,0.6,0.4,0.3,0.8,5.2
307,$0,Kevin Porter,CLE,72,15,2,4.7,41.6,0.5,0.9,59.6,0.6,2.3,0.9,0.5,0.3,0.9,5.1
308,$0,Pau Gasol,POR,60,11.5,1.7,3.8,45,0.9,1.3,74.2,0.3,3.8,1.5,0.2,0.4,0.7,4.6
309,$0,Brandon Knight,CLE,50,21,3.1,7.9,39.3,1.2,1.4,81.9,1.1,1.9,2.1,0.5,0.1,1.1,8.5
310,$0,Trey Lyles,SAS,60,12,2.3,5.2,43.8,0.9,1.2,74.6,0.7,2.8,0.9,0.3,0.3,0.7,6.2
311,$0,Jacob Evans,GSW,65,16,1.7,4.6,37,0,0,0,0.4,2.1,1.9,0.5,0.2,0.9,3.8
312,$0,Trey Burke,PHI,60,12,2.5,5.6,45,0.8,1,77.3,0.6,1.1,2.2,0.4,0.1,0.6,6.5
313,$0,Allonzo Trier,NYK,70,12,2,4.5,44,1.4,1.8,80.1,0.5,1.6,1.1,0.2,0.1,0.9,5.9
314,$0,Wesley Iwundu,ORL,70,14.2,1.3,3.1,43.5,0.8,1,80.1,0.4,2,0.8,0.4,0.2,0.4,3.8
315,$0,Frank Ntilikina,NYK,70,12,1.5,4.1,37,0.4,0.6,77.1,0.5,1.2,1.8,0.5,0.2,0.8,4
316,$0,Courtney Lee,DAL,65,12,1.7,3.7,46.1,0.5,0.6,85.9,0.6,1.4,0.9,0.4,0.1,0.4,4.5
317,$0,Jared Dudley,LAL,62,15,1.1,2.7,40.6,0.4,0.6,70.9,0.7,2,1.2,0.5,0.2,0.5,3.3
318,$0,Boban Marjanovic,DAL,50,10,2.3,4,58.8,1.5,2,75,0,3.9,0.8,0.3,0.4,0.9,6.2
319,$0,Abdel Nader,OKC,60,15,2,4.9,40.8,0.7,1,70.3,0.8,2.6,0.6,0.4,0.3,0.8,5.4
320,$0,Chandler Hutchison,CHI,69,15,1.8,3.9,47,0.4,0.7,63.4,0.3,2.9,0.6,0.4,0.1,0.5,4.4
321,$0,Frank Kaminsky,PHO,61,12,1.9,4.4,42.4,0.9,1.2,78,0.8,2.1,1.1,0.3,0.2,0.5,5.5
322,$0,Tyson Chandler,HOU,60,15,1.1,1.9,56.7,0.9,1.5,62.4,0,5.1,0.6,0.3,0.4,0.9,3.1
323,$0,Sterling Brown,MIL,61,12,1.7,3.9,43.4,0.4,0.5,77.9,0.6,2.1,0.9,0.4,0.2,0.5,4.4
324,$0,Tim Frazier,DET,60,12,1.1,2.7,42.2,0.5,0.7,77.2,0.3,1.7,2.5,0.5,0.1,0.8,3.1
325,$0,Donte DiVincenzo,MIL,60,12,1.6,3.9,41.9,0.3,0.4,79.1,0.7,1.9,1,0.4,0.2,0.6,4.2
326,$0,Devonte' Graham,CHO,55,15,1.6,4.7,35.4,0.8,1.1,77.3,0.7,1.5,2.7,0.5,0,0.7,4.9
327,$0,Richaun Holmes,SAC,50,10,1.9,3.2,58.7,0.8,1.1,70.2,0.1,2.7,0.6,0.4,0.5,0.4,4.6
328,$0,Yogi Ferrell,SAC,58,12,1.7,4,43.7,0.6,0.7,81.6,0.7,1.3,1.4,0.4,0.1,0.5,4.7
329,$0,Jordan Poole,GSW,60,15,1.9,5,38.9,0.7,0.8,76.9,0.7,1.4,1,0.5,0.2,0.7,5.2
330,$0,Matthew Dellavedova,CLE,57,14,1.5,3.8,38.6,0.6,0.7,86.1,0.7,1.2,2.7,0.3,0,1,4.2
331,$0,Patrick McCaw,TOR,60,12,1.4,3.1,44.5,0.4,0.5,81.3,0.4,1.2,1.1,0.5,0.1,0.5,3.6
332,$0,Admiral Schofield,WAS,60,12.7,1.9,4.6,41.9,0.5,0.7,69.4,0.5,2.2,0.8,0.4,0.2,0.7,4.9
333,$0,T.J. Leaf,IND,60,12,2.2,4.5,49.7,0.5,0.7,67.1,0.3,2.7,0.5,0.2,0.3,0.3,5.2
334,$0,Klay Thompson,GSW,20,26,5.9,12.6,46.9,1.1,1.3,82.5,2.7,2.9,1.7,0.7,0.4,1.2,15.6
335,$0,Carsen Edwards,BOS,60,12,1.7,4.9,35.7,0.8,1.1,77.1,0.9,1.3,1,0.4,0.1,0.8,5.2
336,$0,Hamidou Diallo,OKC,60,12,1.8,3.8,46.5,1,1.5,62.8,0.1,2.2,0.4,0.5,0.2,0.5,4.7
337,$0,Raul Neto,PHI,50,10,1.5,3.2,46.1,0.5,0.6,83.4,0.4,1.2,1.8,0.4,0.1,0.7,3.9
338,$0,Omari Spellman,GSW,50,10,1.4,3.3,41.9,0.5,0.6,73.3,0.6,2.3,0.6,0.3,0.3,0.4,3.9
339,$0,Jemerrio Jones,WAS,50,10,0.9,2.4,37.7,0.1,0.1,53.5,0.2,3.3,0.9,0.5,0.4,0.3,2
340,$0,Reggie Bullock,NYK,41,15,2.1,4.8,42.7,0.5,0.6,84.1,1.2,1.4,1,0.4,0.1,0.5,5.8
341,$0,Alex Caruso,LAL,50,10,1.2,2.7,44.2,0.7,1,75.2,0.4,1.2,1.4,0.5,0.2,0.7,3.5
342,$0,Eric Paschall,GSW,60,12,1.6,4.1,39.8,0.7,0.9,72,0.5,1.9,0.8,0.3,0.2,0.7,4.4
343,$0,Miles Plumlee,MEM,60,12,1.3,2.3,55.4,0.4,0.7,49.1,0,2.9,0.5,0.3,0.4,0.8,2.9
344,$0,Isaac Bonga,WAS,60,12,0.6,3.5,16.4,1.1,1.7,64.1,0,2.6,1.5,0.9,0.5,0.6,2.2
345,$0,Jusuf Nurkic,POR,20,18,4.1,7.9,51.2,2.3,3.1,71.7,0,6.6,1.9,0.6,1,1.6,10.4
346,$0,Deonte Burton,OKC,55,11,1.6,3.7,44.2,0.5,0.7,70.5,0.4,1.3,0.5,0.3,0.4,0.5,4.1
347,$0,J.J. Barea,DAL,38,12,2.3,5.4,42.2,0.6,0.9,76.1,0.7,1.5,3.2,0.3,0,1.1,6
348,$0,Jordan McRae,WAS,50,10,1.7,4,43.8,0.8,1,78.5,0.5,1.2,0.9,0.3,0.2,0.4,4.7
349,$0,Markelle Fultz,ORL,41,15,2.4,5.7,43,0.9,1.5,61,0.2,2.3,2.1,0.6,0.2,0.9,6
350,$0,Chandler Parsons,ATL,34,15,2,4.9,40.2,0.6,0.8,77.9,0.9,2.4,1.5,0.5,0.2,0.9,5.5
351,$0,Jevon Carter,PHO,50,10,1.2,3.6,32.2,0.5,0.6,82.3,0.7,1.2,1.3,0.4,0.2,0.6,3.5
352,$0,Kenrich Williams,NOP,50,10,1,2.6,39.8,0.1,0.2,69.5,0.6,2,0.7,0.4,0.2,0.3,2.8
353,$0,Sviatoslav Mykhailiuk,DET,60,12,1.2,3.5,34.1,0.3,0.5,61.9,0.9,1,1,0.4,0,0.5,3.6
354,$0,Ben McLemore,HOU,50,10,1.5,3.5,44,0.6,0.7,81,0.5,1.2,0.5,0.3,0.1,0.6,4.2
355,$0,Cristiano Felicio,CHI,50,11,1.5,2.6,55,0.7,1,68.6,0,3.1,0.6,0.2,0.1,0.5,3.6
356,$0,Cheick Diallo,PHO,41,8,1.5,2.5,59.5,0.5,0.6,80.1,0,2.9,0.3,0.2,0.3,0.4,3.5
357,$0,D.J. Wilson,MIL,50,10,1.3,3.1,41.7,0.3,0.6,59.6,0.6,2.3,0.6,0.2,0.2,0.4,3.6
358,$0,Damyean Dotson,NYK,50,10,1.5,3.6,41.6,0.4,0.5,74.9,0.7,1.4,0.7,0.3,0,0.4,4.1
359,$0,Christian Wood,DET,41,8,1.8,3.4,51.9,1.2,1.6,73,0.2,2.5,0.3,0.2,0.3,0.5,5
360,$0,David Nwaba,BRK,50,10,1.3,2.7,47.6,0.6,0.9,65,0.2,1.8,0.6,0.4,0.2,0.4,3.4
361,$0,Patrick Patterson,LAC,50,10,0.9,2.2,39.2,0.3,0.4,74.5,0.6,1.6,0.4,0.3,0.2,0.3,2.6
362,$0,Shabazz Napier,MIN,41,8,1.2,3.1,40,0.7,0.8,82.9,0.6,0.9,1,0.4,0.1,0.5,3.7
363,$0,Tyrone Wallace,MIN,50,9.5,1.5,3.3,44.6,0.7,0.9,72.6,0.1,1.5,0.7,0.4,0.1,0.5,3.7
364,$0,Damian Jones,ATL,41,8,1.2,1.7,68.3,0.5,0.8,63.9,0,1.6,0.6,0.3,0.5,0.4,2.9
365,$0,Semi Ojeleye,BOS,60,12,1,2.6,39.9,0.4,0.6,63,0.6,1.9,0.4,0.2,0.1,0.3,3.1
366,$0,Andre Roberson,OKC,25,20,1.9,4,47.3,0.4,0.9,42.5,0.4,3.3,0.8,0.8,0.7,0.6,4.5
367,$0,Bruno Fernando,ATL,41,8,1.2,2.4,52.2,0.5,0.6,73.9,0.1,2.5,0.6,0.2,0.3,0.6,3
368,$0,Solomon Hill,MEM,50,10,0.7,1.9,38.8,0.3,0.4,77.3,0.5,1.2,0.6,0.3,0.1,0.3,2.3
369,$0,Deyonta Davis,HOU,41,8,1.5,2.6,59.1,0.3,0.5,70.9,0,2.2,0.4,0.1,0.4,0.3,3.4
370,$0,Grayson Allen,MEM,50,10,1.6,4.1,38.6,1.1,1.4,74.3,0.8,0.6,0.6,0.2,0.2,0.7,5
371,$0,JaKarr Sampson,IND,41,8,1,2,52.5,0.3,0.4,64.1,0.2,1.7,0.2,0.2,0.5,0.2,2.5
372,$0,Furkan Korkmaz,PHI,41,8,1.3,3,42,0.5,0.6,80.9,0.6,1.3,0.6,0.3,0,0.3,3.6
373,$0,Cameron Payne,TOR,41,8,1.2,2.8,42.3,0.3,0.4,76,0.4,0.9,1.2,0.3,0.1,0.5,3.1
374,$0,Emmanuel Mudiay,UTA,41,8,1.5,3.7,42,0.8,1,79.6,0.4,1,1.2,0.2,0.1,0.7,4.3
375,$0,Kezie Okpala,MIA,50,10,1.4,3.4,41,0.6,0.9,67.9,0.3,1.5,0.6,0.3,0.1,0.6,3.7
376,$0,Terence Davis,TOR,41,8,1.1,2.8,39.5,0.4,0.5,73.5,0.4,1.3,0.8,0.3,0.1,0.5,3
377,$0,Nicolas Claxton,BRK,41,8,1.1,2.6,40.8,0.5,0.7,66.2,0.2,1.8,0.5,0.3,0.4,0.4,2.8
378,$0,Malcolm Miller,TOR,41,8,1.1,2.4,44.6,0.3,0.3,88.9,0.8,0.8,0.2,0.1,0.1,0.2,3.2
379,$0,Keita Bates-Diop,MIN,41,8,1,2.4,42.8,0.3,0.5,68,0.2,1.3,0.3,0.3,0.2,0.2,2.7
380,$0,Luka Samanic,SAS,41,8,1.4,3.2,45.2,0.5,0.9,59.1,0.2,2.4,0.4,0.2,0.2,0.6,3.6
381,$0,Theo Pinson,BRK,41,8,1,2.7,35.8,0.6,0.7,86.3,0.4,1.5,0.9,0.2,0,0.6,2.9
382,$0,Torrey Craig,DEN,41,8,0.8,1.8,43.2,0.2,0.3,70.3,0.4,1.4,0.4,0.2,0.2,0.2,2.2
383,$0,Dzanan Musa,BRK,41,8,1.8,4.5,40.9,0,0,0,0.2,1,0.4,0.4,0,0.8,3.9
384,$0,Naz Reid,MIN,41,8,1.2,2.8,41.4,0.4,0.6,71,0.2,1.7,0.3,0.2,0.2,0.5,3
385,$0,John Henson,CLE,20,12,1.7,3.1,55.9,0.6,0.9,61.2,0,3.1,0.8,0.3,0.7,0.5,4
386,$0,Chris Boucher,TOR,20,6,1.2,2.7,44.3,0.5,0.5,89.2,0.5,2.1,0.1,0.2,0.8,0.3,3.3
387,$0,Isaiah Hartenstein,HOU,28,7,0.8,1.5,52,0.4,0.5,80.9,0.1,1.6,0.5,0.2,0.4,0.4,2.1
388,$0,Duncan Robinson,MIA,41,8,0.9,2.3,40.6,0.2,0.3,67.7,0.5,1,0.3,0.3,0,0.2,2.6
389,$0,Treveon Graham,MIN,41,8,0.8,1.9,41.1,0.3,0.4,75.7,0.4,1,0.4,0.2,0.1,0.2,2.2
390,$0,Antonio Blakeney,CHI,41,8,1.5,3.7,41.2,0.6,0.8,69.4,0.4,1,0.5,0.2,0.1,0.3,4.1
391,$0,Yante Maten,MIA,41,8,0.6,2.5,25,0,0,0,0,1.9,0,0.6,0,0,1.2
392,$0,Jonah Bolden,PHI,20,6,0.8,1.6,49.8,0.1,0.3,50.9,0.3,1.6,0.4,0.2,0.4,0.4,2
393,$0,Bol Bol,DEN,20,6,1.2,2.5,48.6,0.3,0.4,72.6,0.2,1.6,0.3,0.1,0.4,0.3,3
394,$0,Brad Wanamaker,BOS,20,6,0.8,1.8,47.4,0.4,0.4,86.5,0.3,0.7,1,0.2,0,0.3,2.3
395,$0,Jarred Vanderbilt,DEN,20,6,0.8,1.6,47.4,0.5,0.9,60,0,2,0.3,0.5,0.1,0.7,2.1
396,$0,Tony Bradley,UTA,20,6,1.1,2.6,42.1,0.3,0.4,67.5,0,2.5,0.2,0.2,0.2,0.3,2.4
397,$0,Talen Horton-Tucker,LAL,20,8,1.1,3,36.6,0.3,0.5,65.3,0.3,1.3,0.6,0.3,0.1,0.4,2.8
398,$0,Udonis Haslem,MIA,41,8,0.8,2.5,33.2,0.3,0.5,63.8,0,2.2,0.4,0.1,0.1,0.3,2
399,$0,Daniel Gafford,CHI,20,6,1,1.7,56.3,0.4,0.6,63.4,0,1.4,0.2,0.2,0.3,0.4,2.3
400,$0,Tacko Fall,BOS,20,6,0.9,1.5,63.1,0.3,0.6,50.7,0,1.6,0.2,0.1,0.4,0.4,2.2
401,$0,Chuma Okeke,ORL,0,0,0,0,0,0,0,0.00%,0,0,0,0,0,0,0
402,$0,Frank Mason,,0,0,0,0,0,0,0,0.00%,0,0,0,0,0,0,0
403,$0,Justin Patton,,0,0,0,0,0,0,0,0.00%,0,0,0,0,0,0,0
,,Ray Spalding,,0,0,0,0,0,0,0,0.00%,0,0,0,0,0,0,0